assembly,TotalPopulation,TotalHousingUnits,TotalHousingUnits_PercentOwned,TotalHousingUnits_PercentRented,Sex_Male,Sex_Female,MedianAge,MedianIncome,Poverty_BelowPovertyLevel,Poverty_AtOrAboveovertyLevel,SNAP_Recipient,SNAP_NotRecipient,Age_Under18,Age_18To34,Age_35To44,Age_45To54,Age_55To64,Age_Over65,Race_White_NotHispanic,Race_White_Hispanic,Race_Black_NotHispanic,Race_Black_Hispanic,Race_Amerind_NotHispanic,Race_Amerind_Hispanic,Race_Asian_NotHispanic,Race_Asian_Hispanic,Race_Pacific_NotHispanic,Race_Pacific_Hispanic,Race_Other_NotHispanic,Race_Other_Hispanic,Race_MoreThanOne_NotHispanic,Race_MoreThanOne_Hispanic,Occupancy_DoubledUp,HouseholdType_Family,HouseholdType_Family_Married,HouseholdType_Family_Other,HouseholdType_NonFamily,HouseholdType_NonFamily_LivingAlone,HouseholdType_NonFamily_NotLivingAlone,MaritalStatus_NeverMarried,MaritalStatus_NowMarried,MaritalStatus_Widowed,MaritalStatus_Divorced,Education_NoHighSchoolDiploma,Education_HighSchoolDiplomaOrGED,Education_SomeCollege,Education_Associates,Education_Bachelors,Education_AdvancedDegree,Employment_Employed,Employment_Unemployed,Employment_NotInLaborForce,HealthInsurance_Covered,HealthInsurance_Covered_Private,HealthInsurance_Covered_Public,HealthInsurance_NotCovered,Language_OnlyEnglish_Total,Language_LimitedEnglish_Total,Language_Spanish_Total,Language_French_Total,Language_FrenchCreole_Total,Language_Italian_Total,Language_Portuguese_Total,Language_German_Total,Language_Yiddish_Total,Language_OtherWestGermanic_Total,Language_Scandinavian_Total,Language_Greek_Total,Language_Russian_Total,Language_Polish_Total,Language_SerboCroatian_Total,Language_OtherSlavic_Total,Language_Armenian_Total,Language_Persian_Total,Language_Gujarati_Total,Language_Hindi_Total,Language_Urdu_Total,Language_OtherIndic_Total,Language_OtherIndoEuropean_Total,Language_Chinese_Total,Language_Japanese_Total,Language_Korean_Total,Language_Cambodian_Total,Language_Hmong_Total,Language_Thai_Total,Language_Laotian_Total,Language_Vietnamese_Total,Language_OtherAsian_Total,Language_Tagalog_Total,Language_OtherPacificIsland_Total,Language_Navajo_Total,Language_OtherNativeNorthAmerican_Total,Language_Hungarian_Total,Language_Arabic_Total,Language_Hebrew_Total,Language_AfricanLanguages_Total,Language_OtherAndUnspecifiedLanguages_Total,Language_Spanish_LimitedEnglish,Language_French_LimitedEnglish,Language_FrenchCreole_LimitedEnglish,Language_Italian_LimitedEnglish,Language_Portuguese_LimitedEnglish,Language_German_LimitedEnglish,Language_Yiddish_LimitedEnglish,Language_OtherWestGermanic_LimitedEnglish,Language_Scandinavian_LimitedEnglish,Language_Greek_LimitedEnglish,Language_Russian_LimitedEnglish,Language_Polish_LimitedEnglish,Language_SerboCroatian_LimitedEnglish,Language_OtherSlavic_LimitedEnglish,Language_Armenian_LimitedEnglish,Language_Persian_LimitedEnglish,Language_Gujarati_LimitedEnglish,Language_Hindi_LimitedEnglish,Language_Urdu_LimitedEnglish,Language_OtherIndic_LimitedEnglish,Language_OtherIndoEuropean_LimitedEnglish,Language_Chinese_LimitedEnglish,Language_Japanese_LimitedEnglish,Language_Korean_LimitedEnglish,Language_Cambodian_LimitedEnglish,Language_Hmong_LimitedEnglish,Language_Thai_LimitedEnglish,Language_Laotian_LimitedEnglish,Language_Vietnamese_LimitedEnglish,Language_OtherAsian_LimitedEnglish,Language_Tagalog_LimitedEnglish,Language_OtherPacificIsland_LimitedEnglish,Language_Navajo_LimitedEnglish,Language_OtherNativeNorthAmerican_LimitedEnglish,Language_Hungarian_LimitedEnglish,Language_Arabic_LimitedEnglish,Language_Hebrew_LimitedEnglish,Language_AfricanLanguages_LimitedEnglish,Language_OtherAndUnspecifiedLanguages_LimitedEnglish,Industry_AgricultureForestryFishingAndHuntingAndMining,Industry_Construction,Industry_Manufacturing,Industry_WholesaleTrade,Industry_RetailTrade,Industry_TransportationAndWarehousingAndUtilities,Industry_Information,Industry_FinanceAndInsuranceAndRealEstateAndRentalAndLeasing,Industry_ProfessionalScientificAndManagementAndAdministrativeAndWasteManagementServices,Industry_EducationalServicesAndHealthCareAndSocialAssistance,Industry_ArtsEntertainmentAndRecreationAndAccommodationAndFoodServices,Industry_OtherServicesExceptPublicAdministration,Industry_PublicAdministration,Occupation_ManagementBusinessAndFinancial,Occupation_ComputerEngineeringAndScience,Occupation_EducationLegalCommunityServiceArtsAndMedia,Occupation_HealthcarePractitionersAndTechnical,Occupation_HealthcareSupport,Occupation_ProtectiveService,Occupation_FoodPreparationAndServingRelated,Occupation_BuildingAndGroundsCleaningAndMaintenance,Occupation_PersonalCareAndService,Occupation_SalesAndOffice,Occupation_NaturalResourcesConstructionAndMaintenance,Occupation_ProductionTransportationAndMaterialMoving
23,148733,144557,0.5295073915479707,0.4704926084520293,0.4768,0.5232,39.815625000000004,73389.6129032258,0.1228,0.8772,0.2024,0.7976,0.23850000000000005,0.20770000000000002,0.1115,0.13190000000000002,0.13859999999999997,0.17170000000000002,0.443,0.1308,0.1855,0.0134,0.0012,0.0018,0.0833,0.0021,5e-4,0,0.0105,0.0912,0.0178,0.0187,0.059699999999999996,0.6858,0.4454,0.2404,0.3142,0.2761,0.038,0.37329999999999997,0.4652,0.0768,0.0847,0.1724,0.2713,0.18059999999999998,0.0781,0.1794,0.1182,0.7082,0.0479,0.2438,0.9125000000000001,0.6648000000000001,0.278,0.0874,0.6164,0.1586,0.2067,0.004,0.0104,0.0288,0.0014,0.0026,0.0041,1e-4,3e-4,0.0024,0.0163,0.0156,0.0031,5e-4,1e-4,0.0017,3e-4,8e-4,0.0047,0.0237,0.0065,0.015,3e-4,7e-4,0,1e-4,3e-4,0,0,9e-4,0.0054,0.0011,0,7e-4,7e-4,0.0043,0.0084,0.01,0.0017,0.0875,5e-4,0.0025,0.0077,1e-4,1e-4,7e-4,0,0,8e-4,0.0125,0.0087,0.0012,1e-4,0,9e-4,0,3e-4,0.0019,0.0118,0.0025,0.01,3e-4,6e-4,0,0,2e-4,0,0,1e-4,0.001,1e-4,0,5e-4,5e-4,0.0018,5e-4,0.0029,3e-4,0.0014,0.0716,0.0357,0.0171,0.0842,0.0767,0.0187,0.0744,0.09559999999999999,0.3277,0.0839,0.0499,0.0631,0.1372,0.031599999999999996,0.1379,0.0603,0.06409999999999999,0.0429,0.041999999999999996,0.0498,0.0437,0.21,0.0767,0.10400000000000001
24,151087,144666,0.5836271134890022,0.41637288651099774,0.4944,0.5056,39.85581395348837,78379.23255813954,0.077,0.923,0.1129,0.8871,0.1996,0.2485,0.1251,0.1301,0.1389,0.158,0.194,0.0805,0.1377,0.0075,0.0057,0.0034,0.3562,0.0018,7e-4,0,0.0551,0.1101,0.0359,0.0113,0.1036,0.7104,0.5196,0.1908,0.2896,0.2475,0.0422,0.3588,0.5189,0.059399999999999994,0.0629,0.18960000000000005,0.2362,0.1403,0.0758,0.2218,0.1363,0.7227,0.0466,0.2306,0.8820999999999999,0.629,0.2723,0.1179,0.4568,0.237,0.1725,0.0074,0.0152,0.0047,0.0027,0.0013,0.0011,7e-4,0,0.0073,0.0274,0.0026,0.0013,0.0025,8e-4,0.0044,0.0035,0.0223,0.025,0.1268,0.0045,0.0394,7e-4,0.0078,0.001,0,0.0013,0,8e-4,0.0148,0.025,0.001,0,3e-4,8e-4,0.0073,0.0039,0.0046,2e-4,0.0812,0.0019,0.0034,0.0018,0.0013,1e-4,0,0,0,0.0028,0.0115,0.0014,7e-4,8e-4,1e-4,0.0014,9e-4,0.0066,0.0095,0.061,0.0015,0.0238,6e-4,0.0055,4e-4,0,4e-4,0,5e-4,0.007,0.0062,1e-4,0,3e-4,2e-4,0.0029,5e-4,6e-4,1e-4,0.0013,0.0774,0.0348,0.022,0.10780000000000001,0.10300000000000001,0.019299999999999998,0.0746,0.09040000000000001,0.2746,0.0891,0.057300000000000004,0.048299999999999996,0.1336,0.051000000000000004,0.09559999999999999,0.076,0.0493,0.026600000000000002,0.0458,0.037000000000000005,0.0374,0.2344,0.08739999999999999,0.126
25,124075,123290,0.5659583096763727,0.4340416903236272,0.4855,0.5145,43.33125,73844.5,0.1077,0.8923,0.1226,0.8774,0.1873,0.2137,0.12040000000000001,0.1478,0.1476,0.1835,0.2452,0.0656,0.0476,0.0055,0.0038,9e-4,0.5451,0.0023,1e-4,0,0.0029,0.0491,0.0234,0.0083,0.0809,0.7546,0.5659,0.1887,0.2454,0.201,0.0445,0.3042,0.571,0.0614,0.0633,0.1874,0.24320000000000003,0.12769999999999998,0.0887,0.2157,0.1373,0.7138,0.039,0.2472,0.8615999999999999,0.656,0.22769999999999999,0.1384,0.2916,0.3998,0.103,0.0039,0.002,0.0109,0.0015,0.0024,0.0015,1e-4,1e-4,0.0172,0.0281,0.0065,0.0017,9e-4,0.0011,0.0061,0.0071,0.0104,0.0156,0.014,0.0094,0.3297,0.0012,0.079,1e-4,0,4e-4,7e-4,0.0027,0.0095,0.0195,9e-4,0,0,4e-4,0.0058,0.0141,7e-4,0,0.0468,9e-4,5e-4,0.0043,4e-4,4e-4,5e-4,0,0,0.0056,0.0115,0.0025,0.001,4e-4,4e-4,0.0028,0.002,0.0044,0.0071,0.0057,0.0038,0.2313,9e-4,0.0507,1e-4,0,2e-4,4e-4,0.0013,0.0044,0.0053,5e-4,0,0,1e-4,0.0023,0.0013,0,0,5e-4,0.059699999999999996,0.0361,0.0354,0.108,0.0726,0.020700000000000003,0.0964,0.1013,0.24769999999999998,0.1082,0.07669999999999999,0.0368,0.1391,0.0527,0.1041,0.0801,0.0426,0.023799999999999998,0.0682,0.0293,0.058399999999999994,0.2386,0.06449999999999999,0.0988
26,122246,121376,0.7083113630371738,0.29168863696282626,0.4734,0.5266,47.23157894736842,88119.52631578948,0.0564,0.9436,0.0598,0.9402,0.1737,0.1723,0.12769999999999998,0.133,0.15380000000000002,0.2394,0.4761,0.0749,0.0103,0.0033,0.0015,2e-4,0.3684,0.001,1e-4,0,0.0024,0.04,0.0155,0.0062,0.0285,0.6666,0.5285,0.1381,0.3334,0.2958,0.0376,0.2698,0.5679000000000001,0.08449999999999999,0.07769999999999999,0.11410000000000001,0.2151,0.1468,0.0809,0.2549,0.18819999999999998,0.7571,0.0319,0.211,0.9219999999999999,0.791,0.1573,0.078,0.4641,0.2584,0.0907,0.0025,2e-4,0.0325,0.002,0.003,0.0013,1e-4,0.001,0.0486,0.0063,0.0057,0.0129,0.0032,0.0067,0.0032,0.0044,0.0052,0.0026,0.0074,0.0098,0.1432,0.0046,0.1101,1e-4,0,0.0011,0,9e-4,0.0093,0.0082,2e-4,0,0,0.0022,0.0042,0.002,6e-4,0,0.0303,5e-4,1e-4,0.0105,5e-4,6e-4,3e-4,1e-4,4e-4,0.017,0.0028,8e-4,0.0039,0.0013,0.0024,0.0016,0.0023,0.0026,6e-4,0.0024,0.0036,0.0875,0.0026,0.0746,1e-4,0,5e-4,0,5e-4,0.0044,0.0016,1e-4,0,0,2e-4,8e-4,4e-4,5e-4,0,0.0015999999999999999,0.0586,0.0442,0.0356,0.0916,0.0622,0.030100000000000002,0.1121,0.1215,0.2554,0.07869999999999999,0.0636,0.044399999999999995,0.19,0.06319999999999999,0.1411,0.0737,0.027600000000000003,0.0211,0.0424,0.019299999999999998,0.037000000000000005,0.24769999999999998,0.06559999999999999,0.0711
27,116884,115167,0.46527216997924753,0.5347278300207525,0.4758,0.5242,40.3962962962963,68500.44444444444,0.1017,0.8983,0.1344,0.8656,0.2173,0.22259999999999996,0.1321,0.13,0.1322,0.16570000000000001,0.3975,0.1043,0.0608,0.0108,0.0018,0.0014,0.2464,0.0023,8e-4,0,0.0054,0.1204,0.0263,0.0218,0.0789,0.6595,0.4788,0.1807,0.3405,0.2936,0.0468,0.3211,0.5347,0.07,0.0743,0.13560000000000003,0.2465,0.1456,0.0944,0.2272,0.1508,0.7257,0.0431,0.2311,0.8865,0.6884,0.2215,0.11349999999999999,0.3897,0.2981,0.2001,0.0054,0.0054,0.0121,0.0016,0.0023,0.0034,0,1e-4,0.0096,0.0865,0.0073,0.0044,0.0023,0.001,0.0078,0.0052,0.0116,0.012,0.0168,0.0089,0.1335,0.0016,0.0169,0,0,8e-4,0,5e-4,0.0053,0.0104,0.0048,0,0,0.0018,0.0063,0.0223,0.0016,9e-4,0.0851,5e-4,0.002,0.0049,2e-4,4e-4,8e-4,0,0,0.0031,0.0459,0.0032,0.0014,9e-4,2e-4,0.0047,0.0021,0.0044,0.0038,0.0069,0.0049,0.0937,9e-4,0.0095,0,0,7e-4,0,5e-4,0.002,0.0034,0.0017,0,0,9e-4,0.0035,0.0043,8e-4,8e-4,5e-4,0.0805,0.034999999999999996,0.0315,0.0885,0.07200000000000001,0.0223,0.0897,0.1183,0.2666,0.0791,0.07189999999999999,0.0442,0.1602,0.0486,0.12059999999999998,0.06709999999999999,0.0433,0.023,0.0434,0.040900000000000006,0.0495,0.2262,0.0765,0.1009
28,134790,134250,0.4974003724394786,0.5025996275605215,0.472,0.528,42.30232558139535,85066.23255813954,0.069,0.931,0.0807,0.9193,0.1862,0.2051,0.1477,0.1323,0.14329999999999998,0.1854,0.5098,0.1361,0.0301,0.0051,0.0013,0.0015,0.225,0.0015,0,0,0.0039,0.0447,0.028,0.013,0.06420000000000001,0.5875,0.4551,0.1325,0.4125,0.3556,0.0568,0.31,0.5385,0.06620000000000001,0.0853,0.0871,0.19090000000000001,0.1325,0.0675,0.2877,0.2343,0.7793,0.0302,0.1904,0.9284,0.7876,0.1613,0.0717,0.4681,0.2144,0.143,0.0088,0.0025,0.0159,0.0035,0.0081,9e-4,3e-4,5e-4,0.002,0.0836,0.0249,0.0035,0.0058,0.0022,0.0078,0.0019,0.0202,0.0059,0.0117,0.0181,0.091,0.0088,0.0059,2e-4,0,0.001,0,0.001,0.0052,0.0105,0.0043,0,6e-4,0.0045,0.0049,0.0166,0.0025,0.0036,0.0492,0.0015,3e-4,0.0069,7e-4,0.0022,3e-4,0,0,3e-4,0.043,0.0109,6e-4,0.003,0.0013,0.0036,8e-4,0.0052,0.0018,0.005,0.0064,0.0501,0.0034,0.003,0,0,6e-4,0,4e-4,0.0016,0.0023,0.0026,0,0,0.001,7e-4,0.0033,5e-4,0.0019,6.000000000000001e-4,0.0491,0.0353,0.0296,0.0786,0.059300000000000005,0.0351,0.11579999999999999,0.1653,0.25680000000000003,0.076,0.0505,0.0477,0.2179,0.0753,0.158,0.0715,0.0274,0.0229,0.0344,0.028900000000000002,0.0413,0.20590000000000003,0.0473,0.0692
29,118849,117267,0.6560413415538898,0.3439586584461102,0.471,0.529,41.47692307692308,82688.65789473684,0.0781,0.9219,0.1502,0.8498,0.2074,0.23109999999999997,0.1235,0.1436,0.14020000000000002,0.1539,0.021,0.0269,0.6554,0.0209,0.0028,0.002,0.1345,3e-4,7e-4,0,0.0344,0.0721,0.0238,0.0052,0.08080000000000001,0.7611,0.4177,0.3434,0.2389,0.1952,0.0437,0.42610000000000003,0.4199,0.0688,0.0852,0.1499,0.3029,0.2016,0.0899,0.1683,0.08739999999999999,0.7362,0.0523,0.2114,0.8904000000000001,0.6468,0.2663,0.1096,0.7212,0.1279,0.1094,0.0115,0.055,9e-4,2e-4,5e-4,1e-4,4e-4,0,0.0014,5e-4,2e-4,1e-4,0,0,1e-4,0,0.0019,0.0035,0.05,0.002,0.0052,1e-4,3e-4,0,0,0,0,0.001,0.0013,0.0124,3e-4,0,1e-4,1e-4,0.0022,0.0015,0.0167,0,0.0557,0.0033,0.019,2e-4,1e-4,0,0,0,0,8e-4,3e-4,1e-4,0,0,0,0,0,6e-4,0.0016,0.0308,8e-4,0.0034,0,2e-4,0,0,0,0,6e-4,4e-4,0.0036,0,0,0,0,6e-4,0.0014,0.0044,0,0.0012,0.0567,0.0256,0.0123,0.1017,0.1059,0.0237,0.063,0.0832,0.3291,0.0804,0.047299999999999995,0.07,0.1054,0.026,0.10019999999999998,0.0708,0.0954,0.0533,0.0377,0.0499,0.0366,0.2203,0.0821,0.1226
30,118985,118084,0.4436672199451238,0.5563327800548762,0.4884,0.5116,40.4875,73635.675,0.0644,0.9356,0.0833,0.9167,0.1848,0.22859999999999997,0.1577,0.142,0.1274,0.1592,0.4391,0.1705,0.0198,0.0047,0.0028,0.0023,0.2344,0.0011,1e-4,4e-4,0.0054,0.0841,0.0201,0.0153,0.0862,0.6218,0.4403,0.1815,0.3782,0.2945,0.0837,0.3699,0.4818,0.0678,0.0806,0.14700000000000002,0.3027,0.1259,0.0827,0.2272,0.1144,0.7578,0.0402,0.2019,0.8860999999999999,0.6775999999999999,0.23859999999999998,0.114,0.3857,0.29810000000000003,0.2415,0.0056,9e-4,0.0214,0.0059,0.0049,6e-4,3e-4,8e-4,0.0119,0.0117,0.0452,0.0088,0.0082,0.0022,0.0012,7e-4,0.0092,0.003,0.0453,0.0119,0.0862,0.0058,0.0173,0,0,0.0027,0,0.0028,0.012,0.0263,0.004,0,0.001,0.0017,0.011,0.0015,1e-4,5e-4,0.1165,0.0017,3e-4,0.0076,0.0028,0.0014,0,1e-4,0,0.0044,0.006,0.0194,0.0038,0.0033,5e-4,5e-4,4e-4,0.0028,0.0017,0.0233,0.0038,0.0564,0.0038,0.0118,0,0,0.0018,0,0.0024,0.0063,0.0072,0.002,0,0,7e-4,0.0051,2e-4,0,1e-4,0.0021,0.0888,0.0416,0.022199999999999998,0.08180000000000001,0.0791,0.0288,0.08549999999999999,0.1339,0.2089,0.1265,0.0635,0.0372,0.1505,0.05739999999999999,0.1208,0.0471,0.0354,0.019299999999999998,0.07400000000000001,0.0498,0.0445,0.1986,0.0909,0.1117
31,132312,129345,0.5740074993235146,0.42599250067648536,0.4731,0.5269,37.722580645161294,76508.25806451614,0.1101,0.8899,0.2075,0.7925,0.23250000000000004,0.24539999999999998,0.1273,0.1394,0.1366,0.119,0.0574,0.0947,0.4875,0.0225,0.0038,0.002,0.1576,5e-4,0.0013,0,0.0463,0.0837,0.0321,0.0105,0.0801,0.8039,0.4486,0.3554,0.1961,0.1618,0.0342,0.4145,0.4488,0.053200000000000004,0.0834,0.20350000000000001,0.306,0.18910000000000002,0.0764,0.156,0.0688,0.7012,0.0582,0.2406,0.9084,0.6397999999999999,0.3064,0.0916,0.7126,0.1004,0.1668,0.0087,0.0224,0.0029,0.0012,4e-4,1e-4,5e-4,0,0.0017,0.0014,0.0021,0,3e-4,0,0.0011,3e-4,0.0031,0.0053,0.0264,0.0022,0.0093,7e-4,0.0013,0,0,0,0,5e-4,0.0026,0.0042,2e-4,0,7e-4,0,0.0044,3e-4,0.0154,0.001,0.0604,0.0022,0.0072,0.0014,3e-4,1e-4,0,0,0,1e-4,0.0011,8e-4,0,3e-4,0,4e-4,0,0.0011,0.0026,0.0113,5e-4,0.0032,5e-4,0.001,0,0,0,0,3e-4,7e-4,9e-4,0,0,0,0,0.001,1e-4,0.0029,0,0.0012000000000000001,0.0638,0.0325,0.018000000000000002,0.1068,0.1292,0.0177,0.06420000000000001,0.0927,0.2956,0.0756,0.051199999999999996,0.0514,0.1014,0.025300000000000003,0.0901,0.0602,0.0856,0.046900000000000004,0.0429,0.0478,0.0432,0.2359,0.0877,0.1331
32,135232,133288,0.4939829542044295,0.5060170457955705,0.4696,0.5304,36.86904761904762,66891.83333333333,0.0954,0.9046,0.2014,0.7986,0.2281,0.2486,0.131,0.14100000000000001,0.12000000000000001,0.13140000000000002,0.0194,0.0332,0.5588,0.0174,0.003,0.0012,0.1328,5e-4,4e-4,4e-4,0.0672,0.131,0.0283,0.0063,0.1033,0.709,0.3699,0.3392,0.291,0.249,0.0419,0.45189999999999997,0.4103,0.058,0.0798,0.2042,0.32030000000000003,0.201,0.0779,0.1403,0.055999999999999994,0.7016,0.0689,0.2296,0.8812,0.5649,0.3409,0.1187,0.7208,0.14629999999999999,0.1616,0.0067,0.0201,7e-4,0.0026,2e-4,1e-4,0.0011,1e-4,4e-4,2e-4,1e-4,1e-4,0,0,3e-4,0,0.0033,0.0039,0.0489,9e-4,0.0042,5e-4,7e-4,0,0,0,0,5e-4,0.0025,0.0011,1e-4,0,0,0,0.0012,0,0.0164,5e-4,0.0861,0.0021,0.0081,4e-4,9e-4,0,0,2e-4,1e-4,1e-4,0,0,1e-4,0,0,1e-4,0,0.0013,0.0021,0.0322,3e-4,0.003,3e-4,4e-4,0,0,0,0,0,0.001,5e-4,1e-4,0,0,0,7e-4,0,0.006,2e-4,3.0000000000000003e-4,0.0711,0.0242,0.014499999999999999,0.1133,0.1346,0.0156,0.053500000000000006,0.0847,0.2941,0.0808,0.0456,0.0675,0.0867,0.028200000000000003,0.0857,0.0505,0.0939,0.051199999999999996,0.0435,0.0572,0.0374,0.2301,0.09050000000000001,0.1454
33,128138,127822,0.7909280092628812,0.2090719907371188,0.4717,0.5283,42.06346153846154,87947.57692307692,0.0555,0.9445,0.1201,0.8799,0.1956,0.23099999999999996,0.1132,0.1462,0.15,0.1638,0.0762,0.046,0.5556,0.014,0.0048,0.0013,0.1611,0.001,4e-4,3e-4,0.0365,0.0618,0.0302,0.0108,0.0525,0.8048,0.514,0.2908,0.1952,0.1673,0.0279,0.39,0.47819999999999996,0.0584,0.0735,0.1348,0.2944,0.19640000000000002,0.089,0.1782,0.1073,0.7487,0.0559,0.1953,0.9043,0.7099000000000001,0.21960000000000002,0.0957,0.6557,0.1374,0.1042,0.0158,0.0829,0.0019,8e-4,0.0011,3e-4,1e-4,0,0.0021,8e-4,8e-4,1e-4,4e-4,7e-4,4e-4,0.0057,0.0167,0.0129,0.0437,0.0045,0.0078,0,0.0011,0,0,3e-4,0,8e-4,0.0126,0.0126,5e-4,0,4e-4,4e-4,0.0016,9e-4,0.0083,0.001,0.0424,0.0051,0.0309,5e-4,5e-4,1e-4,1e-4,0,0,9e-4,4e-4,0,0,0,7e-4,2e-4,0.0031,0.0075,0.0046,0.0187,0.0028,0.0045,0,8e-4,0,0,1e-4,0,5e-4,0.0055,0.0036,0,0,3e-4,3e-4,8e-4,3e-4,0.0018,4e-4,0.001,0.0523,0.0258,0.0141,0.0977,0.1191,0.0219,0.0644,0.0864,0.34109999999999996,0.0716,0.0414,0.06319999999999999,0.10819999999999999,0.0312,0.1086,0.08249999999999999,0.0887,0.0494,0.04,0.043899999999999995,0.0326,0.2172,0.0751,0.1225
34,112252,111868,0.32070833482318445,0.6792916651768155,0.5139,0.4861,38.57826086956522,59339.608695652176,0.1256,0.8744,0.1578,0.8422,0.20560000000000003,0.2308,0.1741,0.1416,0.10790000000000001,0.13989999999999997,0.1104,0.2833,0.0233,0.0096,0.0017,0.0044,0.2685,0.0019,1e-4,3e-4,0.0021,0.2653,0.0141,0.015,0.18580000000000002,0.6797,0.4546,0.2251,0.3203,0.2502,0.0701,0.4129,0.46540000000000004,0.0517,0.0701,0.2627,0.33999999999999997,0.1011,0.0714,0.1481,0.0767,0.7603,0.0299,0.2098,0.7791000000000001,0.5128,0.3133,0.22089999999999999,0.1379,0.49129999999999996,0.5571,0.0045,0.0017,0.0033,0.0059,8e-4,0,4e-4,8e-4,0.0085,0.0053,0.004,0.002,0.0012,9e-4,4e-4,0.0034,0.0159,0.0106,0.0969,0.003,0.0703,0.0024,0.0107,1e-4,0,0.0015,1e-4,0.0028,0.0144,0.0173,0.0035,0,4e-4,1e-4,0.0073,0.0016,0.0016,0.0013,0.3338,8e-4,7e-4,0.0013,0.0041,2e-4,0,0,0,0.0026,0.0033,0.0014,1e-4,9e-4,3e-4,4e-4,0.0018,0.0083,0.0045,0.0494,0.0013,0.0445,0.0015,0.0067,1e-4,0,8e-4,1e-4,0.0021,0.008,0.0069,0.0018,0,4e-4,0,0.0015,8e-4,1e-4,8e-4,0.0024,0.1041,0.0409,0.016300000000000002,0.1109,0.103,0.0188,0.0614,0.1064,0.1519,0.1752,0.0791,0.029599999999999998,0.0916,0.0316,0.0767,0.0344,0.032299999999999995,0.0233,0.1191,0.0873,0.0428,0.1862,0.11,0.1647
35,107631,105814,0.3476666603663031,0.6523333396336969,0.4994,0.5006,37.646153846153844,57640.07692307692,0.1293,0.8707,0.2141,0.7859,0.22469999999999996,0.2519,0.1426,0.1305,0.1258,0.1245,0.0747,0.1941,0.1176,0.0167,0.0013,0.0022,0.2713,0.0057,1e-4,1e-4,0.0047,0.2793,0.0123,0.02,0.1891,0.719,0.446,0.273,0.281,0.221,0.06,0.3991,0.47509999999999997,0.055600000000000004,0.0702,0.23740000000000003,0.3402,0.1219,0.073,0.1614,0.0662,0.7407,0.0344,0.2249,0.7837000000000001,0.5064,0.3468,0.2163,0.213,0.44020000000000004,0.4898,0.0113,0.0083,0.0017,0.0015,7e-4,0,1e-4,0,0.003,0.0146,0.0043,0.001,8e-4,0.001,0.0024,0.0036,0.008,0.0145,0.0359,0.0018,0.1019,0.001,0.0085,5e-4,0,0.0032,2e-4,7e-4,0.0145,0.0242,0.0044,0,6e-4,6e-4,0.0054,4e-4,0.0167,0,0.2781,0.0041,0.0017,4e-4,7e-4,1e-4,0,0,0,0.0017,0.009,0.0024,4e-4,3e-4,6e-4,8e-4,0.0022,0.0023,0.0048,0.0195,3e-4,0.0712,2e-4,0.0055,0,0,0.0026,1e-4,5e-4,0.009,0.0106,0.0032,0,4e-4,3e-4,0.0014,2e-4,0.0056,0,0.0015,0.09659999999999999,0.039400000000000004,0.0215,0.11410000000000001,0.0908,0.0166,0.0552,0.09809999999999999,0.18339999999999998,0.17509999999999998,0.0815,0.026099999999999998,0.07869999999999999,0.0279,0.0666,0.030799999999999998,0.056100000000000004,0.019700000000000002,0.1264,0.0708,0.0533,0.2061,0.1079,0.1557
36,120075,119560,0.25414854466376713,0.7458514553362329,0.4939,0.5061,35.61538461538461,77547.38461538461,0.072,0.928,0.0887,0.9113,0.13779999999999998,0.358,0.1573,0.11130000000000001,0.1002,0.1354,0.5718,0.1301,0.0232,0.0058,4e-4,0.0012,0.1496,0.0011,3e-4,1e-4,0.0033,0.0782,0.0236,0.0113,0.06589999999999999,0.4821,0.3609,0.1211,0.5179,0.3443,0.1737,0.4504,0.4314,0.0521,0.06620000000000001,0.11470000000000001,0.2019,0.10089999999999999,0.0623,0.3348,0.1854,0.8108,0.0359,0.1533,0.9052,0.7453,0.1889,0.0948,0.416,0.2423,0.2136,0.0106,5e-4,0.0228,0.0184,0.0044,6e-4,7e-4,3e-4,0.0887,0.0056,0.0049,0.0194,0.0093,0.0013,9e-4,0.0011,0.002,0.0097,0.038,0.0219,0.0218,0.0106,0.013,7e-4,0,0.0043,4e-4,0.0023,0.009,0.0131,0.0012,0,0,0.0025,0.0277,0.0019,7e-4,2e-4,0.1026,0.002,2e-4,0.0079,0.0072,7e-4,2e-4,0,0,0.0304,0.0021,0.0013,0.0089,0.0023,2e-4,4e-4,2e-4,2e-4,0.0034,0.017,0.0083,0.0121,0.0052,0.0064,7e-4,0,0.0029,0,0.0015,0.003,0.0024,6e-4,0,0,0.0011,0.0106,2e-4,1e-4,0,8e-4,0.049100000000000005,0.0283,0.0194,0.0866,0.054,0.0655,0.0893,0.1676,0.20290000000000002,0.1537,0.0538,0.029200000000000004,0.2134,0.07100000000000001,0.1985,0.0428,0.015099999999999999,0.0123,0.0716,0.0361,0.0368,0.1916,0.0468,0.06420000000000001
37,133044,132192,0.23628510045993706,0.7637148995400629,0.498,0.502,36.41081081081081,70504.19444444444,0.1069,0.8931,0.1356,0.8644,0.19340000000000002,0.2953,0.1705,0.13080000000000003,0.1041,0.1056,0.3938,0.2087,0.0678,0.0115,4e-4,0.0031,0.1716,0.0012,4e-4,0,0.0049,0.1012,0.0184,0.0169,0.083,0.5737,0.3849,0.1888,0.4263,0.3075,0.1189,0.43579999999999997,0.4572,0.041,0.066,0.14220000000000002,0.2577,0.12519999999999998,0.0667,0.2492,0.1591,0.7639,0.039,0.1971,0.8889999999999999,0.6708000000000001,0.2475,0.1109,0.4026,0.2888,0.2975,0.0069,7e-4,0.0111,0.0052,0.0073,0,0.0012,0.0011,0.0058,0.0056,0.0495,0.0082,0.0067,0.0058,4e-4,0.0012,0.0072,0.0016,0.0387,0.0226,0.0356,0.0051,0.0167,1e-4,0,0.0015,0,5e-4,0.0161,0.0145,0.0033,0,0,0.002,0.0138,0.0018,0.0014,6e-4,0.142,0.0014,3e-4,0.0041,0.0018,0.0015,0,4e-4,0,0.0016,0.0018,0.023,0.0047,0.0036,0.0021,1e-4,6e-4,0.0033,9e-4,0.0244,0.012,0.02,0.0024,0.0105,0,0,0.0012,0,2e-4,0.0101,0.004,0.002,0,0,0.0014,0.0072,0,2e-4,0,0.0014,0.0668,0.0376,0.0206,0.0804,0.0692,0.042800000000000005,0.0978,0.16499999999999998,0.1985,0.1324,0.0521,0.0353,0.1845,0.0542,0.1411,0.046700000000000005,0.0308,0.0235,0.068,0.0559,0.0412,0.1855,0.072,0.0968
38,137928,137670,0.42774751216677565,0.5722524878332244,0.5033,0.4967,36.437777777777775,71954.37777777777,0.0972,0.9028,0.1394,0.8606,0.2264,0.262,0.1404,0.1399,0.1214,0.1097,0.2279,0.3017,0.0316,0.0123,0.0012,0.0027,0.1733,0.0012,0,0,0.0244,0.1724,0.0189,0.0324,0.0841,0.7649,0.4926,0.2723,0.2351,0.1604,0.0747,0.395,0.4917,0.0461,0.0673,0.2221,0.31,0.1526,0.0731,0.1718,0.07020000000000001,0.734,0.0418,0.2242,0.8395,0.5919,0.2716,0.1605,0.4049,0.2681,0.3899,0.0013,0.002,0.0113,4e-4,0.0039,4e-4,0.0011,1e-4,0.0013,0.0023,0.0333,0.0036,0.0027,3e-4,1e-4,3e-4,0.0046,0.0064,0.0494,0.0159,0.0355,6e-4,0.0016,1e-4,0,4e-4,0,0.0022,0.0043,0.0099,5e-4,0,0,8e-4,0.0078,0,7e-4,2e-4,0.1657,3e-4,6e-4,0.0051,1e-4,8e-4,1e-4,3e-4,0,6e-4,9e-4,0.018,0.0014,0.0013,0,1e-4,2e-4,0.0022,0.0027,0.0229,0.0075,0.0243,5e-4,0.001,1e-4,0,2e-4,0,0.0014,0.0019,0.0022,2e-4,0,0,6e-4,0.0042,0,6e-4,1e-4,7e-4,0.1007,0.05,0.026099999999999998,0.0938,0.0856,0.0184,0.061399999999999996,0.11069999999999999,0.219,0.1357,0.0663,0.0316,0.0975,0.0306,0.0947,0.0359,0.0504,0.029400000000000003,0.08,0.06520000000000001,0.046599999999999996,0.2096,0.1143,0.1459
39,123733,123343,0.2320520824043521,0.767947917595648,0.5074,0.4926,36.208333333333336,55606.208333333336,0.1274,0.8726,0.211,0.789,0.22340000000000002,0.2588,0.1625,0.1288,0.1031,0.12359999999999999,0.073,0.2622,0.0114,0.0078,9e-4,0.0071,0.28,0.0028,0,4e-4,0.0032,0.3239,0.011,0.0162,0.21710000000000002,0.6875,0.4183,0.2692,0.3125,0.2188,0.0936,0.4123,0.4685,0.042199999999999994,0.0771,0.29190000000000005,0.32789999999999997,0.1064,0.0552,0.1532,0.0656,0.7637,0.0334,0.2029,0.7157,0.4234,0.3521,0.2842,0.1272,0.5487,0.5648,0.0012,0.0014,0.002,0.002,4e-4,3e-4,7e-4,0,0.0032,0.0048,0.0016,0.0012,0.001,1e-4,3e-4,0.0028,0.0112,0.0111,0.0666,0.0013,0.1062,0.0024,0.0143,0,0,0.0101,0,8e-4,0.0145,0.0335,0.0074,0,3e-4,4e-4,0.0037,0,2e-4,0.0011,0.354,5e-4,0.001,0.001,0.0011,0,0,0,0,0.0013,0.002,0.0011,2e-4,8e-4,0,1e-4,0.0018,0.0057,0.0057,0.0406,5e-4,0.0802,0.0011,0.0105,0,0,0.0063,0,6e-4,0.0103,0.0146,0.0049,0,3e-4,1e-4,0.002,0,0,4e-4,0.0012000000000000001,0.1205,0.039099999999999996,0.0247,0.1,0.0718,0.0166,0.044700000000000004,0.1022,0.16620000000000001,0.2108,0.0877,0.014499999999999999,0.0818,0.0263,0.0573,0.0337,0.0426,0.0148,0.1522,0.09409999999999999,0.0587,0.1769,0.1254,0.1363
40,121327,119634,0.3747847601852316,0.6252152398147683,0.4691,0.5309,44.156666666666666,50469.3,0.1681,0.8319,0.1525,0.8475,0.16419999999999998,0.21550000000000002,0.1296,0.16160000000000002,0.139,0.1901,0.1414,0.0516,0.0219,0.0049,0.0023,9e-4,0.6568,0.0017,3e-4,1e-4,0.0057,0.0864,0.0151,0.0109,0.1283,0.7009,0.4974,0.2035,0.2991,0.2392,0.0599,0.2904,0.5618000000000001,0.0764,0.0712,0.2741,0.29550000000000004,0.1155,0.0996,0.1331,0.0824,0.6956,0.0265,0.2779,0.7602,0.5083,0.2744,0.2398,0.1937,0.5938,0.1412,0.0013,0.0018,0.0177,7e-4,0.0013,6e-4,0,2e-4,0.0145,0.0074,0.002,0.004,0.0019,6e-4,0.005,0.0044,0.0099,0.0118,0.028,0.0052,0.3962,0.002,0.1247,0,0,9e-4,0,0.0021,0.0037,0.0115,0.0012,0,0,7e-4,0.0029,5e-4,4e-4,1e-4,0.0868,3e-4,6e-4,0.0067,2e-4,3e-4,0,0,0,0.0044,0.0052,8e-4,0.0019,4e-4,3e-4,0.002,0.0033,0.0056,0.0055,0.0174,0.0039,0.3344,0.0011,0.102,0,0,7e-4,0,0.0015,0.0019,0.0042,3e-4,0,0,3e-4,0.0015,1e-4,2e-4,0,0.0014999999999999998,0.0631,0.0401,0.024800000000000003,0.1058,0.067,0.0216,0.0779,0.0964,0.20149999999999998,0.156,0.1187,0.0255,0.11399999999999999,0.0414,0.0811,0.0508,0.059699999999999996,0.014199999999999999,0.1009,0.0494,0.08360000000000001,0.2266,0.0712,0.107
41,123844,122898,0.5871373008511123,0.4128626991488877,0.4802,0.5198,41.08536585365854,75714.09756097561,0.0959,0.9041,0.1762,0.8238,0.2205,0.20700000000000002,0.11879999999999999,0.1261,0.1405,0.1867,0.4866,0.035,0.2564,0.0125,6e-4,0.0014,0.147,6e-4,3e-4,0,0.0034,0.0281,0.0241,0.0039,0.0833,0.7054,0.4975,0.2079,0.2946,0.26,0.0345,0.3307,0.5273,0.0663,0.0756,0.1202,0.2666,0.14229999999999998,0.0747,0.2378,0.1584,0.7264,0.0468,0.2268,0.9153,0.676,0.27090000000000003,0.0847,0.5332,0.2582,0.0551,0.0071,0.0516,0.005,9e-4,9e-4,0.0068,3e-4,0,0.003,0.1674,0.0029,0.0027,0.0048,5e-4,0.0018,7e-4,0.0014,0.0197,0.0026,0.0068,0.0689,1e-4,0.0025,1e-4,0,1e-4,0,0.0049,0.013,0.0032,0,0,0,8e-4,0.0134,0.0125,0.0031,0.0022,0.0233,0.0026,0.0273,0.0016,5e-4,0,0.0017,1e-4,0,0.001,0.1059,0.002,0.0019,0.0026,2e-4,8e-4,2e-4,2e-4,0.0116,0.0016,0.0043,0.042,0,0.0016,1e-4,0,0,0,0.0034,0.0062,0.0016,0,0,0,4e-4,0.0071,0.0041,8e-4,0.0015,0.0016,0.0586,0.0309,0.026799999999999997,0.0852,0.0837,0.0291,0.0782,0.1046,0.3489,0.0618,0.0432,0.0472,0.1406,0.0599,0.14229999999999998,0.0845,0.0856,0.024,0.0382,0.030399999999999996,0.0314,0.1993,0.0667,0.09709999999999999
42,116741,115912,0.23145144592449443,0.7685485540755056,0.455,0.545,35.70967741935484,67345.25806451614,0.1125,0.8875,0.2315,0.7685,0.23500000000000001,0.2668,0.1451,0.11710000000000001,0.11100000000000002,0.1252,0.2007,0.037,0.5694,0.0262,0.0013,0.0016,0.0454,7e-4,0,0,0.0078,0.0855,0.0205,0.004,0.12560000000000002,0.6398,0.3302,0.3097,0.3602,0.2871,0.073,0.4752,0.3997,0.044700000000000004,0.08030000000000001,0.1409,0.3074,0.1729,0.0591,0.1959,0.12390000000000001,0.7344,0.0453,0.2202,0.8571000000000001,0.583,0.2972,0.1429,0.6051,0.206,0.1395,0.014,0.1505,0.0018,0.0011,0.0011,0.0062,0.0014,7e-4,5e-4,0.0087,9e-4,9e-4,0.0012,0,7e-4,3e-4,2e-4,0.0056,0.0152,0.0012,0.0062,8e-4,0.0026,5e-4,0,1e-4,0,0.0011,0.0049,5e-4,3e-4,0,0,4e-4,0.0086,0.0101,0.0069,2e-4,0.0735,0.0034,0.0827,7e-4,1e-4,2e-4,0.002,2e-4,0,0,0.0061,7e-4,8e-4,5e-4,0,5e-4,2e-4,1e-4,0.0032,0.0075,6e-4,0.0041,2e-4,0.0026,1e-4,0,0,0,4e-4,0.004,0,2e-4,0,0,3e-4,0.0038,0.0041,0.0032,0,3e-4,0.041299999999999996,0.0203,0.0139,0.09609999999999999,0.0755,0.033299999999999996,0.0697,0.11649999999999999,0.3448,0.0902,0.0548,0.0434,0.1257,0.036699999999999997,0.15889999999999999,0.053,0.112,0.036199999999999996,0.041999999999999996,0.0542,0.0409,0.19240000000000002,0.0579,0.0901
43,134620,131943,0.21853376079064443,0.7814662392093555,0.4666,0.5334,35.77647058823529,55085.529411764706,0.132,0.868,0.241,0.759,0.20679999999999998,0.2933,0.132,0.11739999999999999,0.1117,0.1389,0.2461,0.0208,0.5953,0.0301,9e-4,0.0012,0.0274,6e-4,0,1e-4,0.0062,0.0408,0.0222,0.0084,0.0928,0.5474,0.277,0.2704,0.4526,0.3345,0.1181,0.5081,0.3629,0.047,0.08199999999999999,0.1368,0.2832,0.1728,0.0561,0.2098,0.1413,0.7321,0.0517,0.2162,0.8943,0.6443000000000001,0.2853,0.1056,0.6924,0.1192,0.0932,0.0136,0.0936,0.0012,8e-4,0.0014,0.0256,6e-4,7e-4,1e-4,0.007,0.001,5e-4,1e-4,4e-4,3e-4,1e-4,5e-4,4e-4,0.0036,0.003,0.0067,0.0018,0.0014,0,0,2e-4,0,1e-4,0.0016,0.0011,0,0,1e-4,3e-4,0.0053,0.0306,0.0104,2e-4,0.0368,0.0047,0.0449,5e-4,1e-4,2e-4,0.0025,2e-4,1e-4,0,0.0024,8e-4,3e-4,0,4e-4,2e-4,0,1e-4,2e-4,8e-4,0.0015,0.0048,0.0013,6e-4,0,0,0,0,1e-4,6e-4,2e-4,0,0,0,1e-4,0.0035,0.0079,0.0034,0,1e-4,0.042199999999999994,0.0173,0.0153,0.0839,0.0639,0.0445,0.0727,0.1347,0.3335,0.09290000000000001,0.0605,0.0383,0.12329999999999999,0.0445,0.20390000000000003,0.047400000000000005,0.09000000000000001,0.0339,0.047,0.0408,0.044,0.1986,0.0525,0.0741
44,123334,122213,0.4110364691153969,0.5889635308846031,0.4914,0.5086,35.329032258064515,84713.51612903226,0.112,0.888,0.1576,0.8424,0.2719,0.2217,0.1543,0.1239,0.10289999999999999,0.125,0.6005,0.0818,0.0484,0.0037,9e-4,0.0028,0.1602,7e-4,0,0,0.0061,0.0558,0.0315,0.0077,0.1122,0.6484,0.5211,0.1273,0.3516,0.2595,0.0921,0.352,0.5490999999999999,0.0472,0.0519,0.13590000000000002,0.1662,0.1096,0.0523,0.2714,0.2647,0.758,0.038,0.204,0.9167,0.6801999999999999,0.262,0.08329999999999999,0.4891,0.2621,0.137,0.0059,0.0084,0.009,0.0019,0.0034,0.0721,3e-4,0.001,0.0024,0.0629,0.0155,0.0012,0.0046,4e-4,0.0034,0,0.0017,0.0334,0.055,0.0106,0.032,0.0035,0.0024,5e-4,0,0.0024,0,4e-4,0.0113,0.0019,4e-4,0,1e-4,0.0022,0.0074,0.0146,3e-4,0.0016,0.0674,0.0011,0.003,0.0029,4e-4,1e-4,0.0203,0,3e-4,6e-4,0.0438,0.0097,4e-4,0.0034,4e-4,0.0015,0,4e-4,0.0189,0.0338,0.0069,0.0225,0.0022,9e-4,4e-4,0,0.0011,0,3e-4,0.0096,2e-4,1e-4,0,0,0.001,0.0028,0.0042,2e-4,0.0013,5e-4,0.0492,0.023100000000000002,0.028900000000000002,0.077,0.053,0.07250000000000001,0.0779,0.1592,0.2772,0.0971,0.0505,0.0339,0.19669999999999999,0.0668,0.2592,0.0425,0.0385,0.0115,0.0395,0.0245,0.0291,0.1665,0.0471,0.0781
45,128591,127703,0.38371847176652074,0.6162815282334793,0.486,0.514,38.921951219512195,61940.51219512195,0.1279,0.8721,0.2546,0.7454,0.23470000000000002,0.21800000000000003,0.1191,0.1177,0.1184,0.1921,0.6742,0.046,0.0217,0.0028,0.0018,0.0016,0.1572,6e-4,0.0012,0,0.0013,0.0604,0.0292,0.0021,0.1243,0.6681,0.5141,0.1541,0.3319,0.2831,0.0488,0.2764,0.5651,0.07540000000000001,0.08310000000000001,0.1507,0.2404,0.1124,0.0729,0.2488,0.1749,0.7117,0.0421,0.2462,0.8748,0.5787,0.32039999999999996,0.1252,0.3194,0.4143,0.0845,0.0053,0.0015,0.0118,1e-4,6e-4,0.0098,0.0013,8e-4,0.0014,0.3013,0.0035,0.0027,0.0169,0.0017,0.0021,0,0.0028,0.0291,0.0102,0.0081,0.0917,5e-4,0.0035,2e-4,0,1e-4,0,0.0029,0.0197,0.0041,7e-4,0,1e-4,3e-4,0.0286,0.0266,4e-4,0.0053,0.0476,0.0013,0.0011,0.006,0,3e-4,0.0042,3e-4,3e-4,4e-4,0.2026,0.0026,0.0011,0.0115,0.0014,0.0012,0,4e-4,0.0145,0.0055,0.0045,0.0632,2e-4,0.002,0,0,1e-4,0,0.0023,0.0132,0.0012,4e-4,0,0,2e-4,0.0137,0.0074,2e-4,0.0034,7.999999999999999e-4,0.06330000000000001,0.0266,0.0511,0.10540000000000001,0.0825,0.0211,0.0865,0.0994,0.3157,0.08,0.0412,0.026699999999999998,0.15389999999999998,0.058499999999999996,0.1134,0.07039999999999999,0.094,0.0134,0.0505,0.0284,0.0292,0.2237,0.0622,0.1023
46,130854,128363,0.38370870110545874,0.6162912988945413,0.4663,0.5337,44.875,68781.97674418605,0.1393,0.8607,0.2559,0.7441,0.19169999999999998,0.20400000000000001,0.1202,0.12110000000000001,0.1345,0.22820000000000001,0.5768,0.0703,0.0897,0.0075,0.0018,2e-4,0.1521,0.0013,7e-4,1e-4,0.003,0.0661,0.0199,0.0105,0.07150000000000001,0.6161,0.43120000000000003,0.1848,0.3839,0.3361,0.0478,0.31620000000000004,0.5081,0.08320000000000001,0.0924,0.15580000000000002,0.2363,0.1098,0.074,0.2394,0.1846,0.6979,0.0457,0.2564,0.9027000000000001,0.6399,0.29479999999999995,0.0973,0.4338,0.3045,0.1016,0.0032,0.0055,0.0243,0.0015,0.0012,0.0042,1e-4,8e-4,0.0251,0.1942,0.0076,0.0038,0.0052,1e-4,0.0013,8e-4,0.002,0.0103,0.006,0.0074,0.1029,6e-4,0.004,9e-4,0,1e-4,0,9e-4,0.0035,0.0033,6e-4,0,1e-4,0.0013,0.0324,0.0047,0.0023,0.0026,0.0419,0.0013,0.0017,0.0092,4e-4,1e-4,0.0018,1e-4,1e-4,0.0088,0.1249,0.0045,0.0012,0.0035,0,2e-4,3e-4,5e-4,0.0049,0.004,0.0031,0.0679,2e-4,0.0027,4e-4,0,0,0,6e-4,0.0023,8e-4,1e-4,0,0,6e-4,0.012,0.0019,0.0013,0.0012,0.001,0.057999999999999996,0.0291,0.023100000000000002,0.0927,0.0675,0.0266,0.1073,0.11330000000000001,0.3031,0.07930000000000001,0.048799999999999996,0.05,0.162,0.054000000000000006,0.14029999999999998,0.0655,0.0676,0.0311,0.047,0.024300000000000002,0.0338,0.21589999999999998,0.06730000000000001,0.0913
47,122245,121970,0.3658604574895466,0.6341395425104533,0.4879,0.5121,39.362857142857145,56952.31428571429,0.16,0.84,0.2724,0.7276,0.22139999999999999,0.2178,0.1392,0.13540000000000002,0.1306,0.1557,0.3877,0.0547,0.0272,0.0079,5e-4,0.0018,0.3855,0.0013,0,1e-4,0.0021,0.0995,0.0266,0.005,0.1381,0.7123,0.503,0.2093,0.2877,0.2346,0.0531,0.30610000000000004,0.5506,0.0684,0.0749,0.23720000000000002,0.2652,0.1095,0.0723,0.2087,0.107,0.7243,0.047,0.2287,0.8601,0.5274000000000001,0.3604,0.1398,0.2812,0.4726,0.1062,6e-4,0.0011,0.0448,3e-4,0.0013,0.0028,2e-4,0,0.0032,0.1451,0.0086,0.0037,0.0092,0.0012,0.0018,0,0.0015,0.023,0.0036,0.0196,0.2916,2e-4,0.0021,0.002,0,1e-4,0,0.0046,0.0124,0.0025,2e-4,0,2e-4,5e-4,0.0167,0.0029,0.0013,0.0037,0.0645,1e-4,0.0011,0.0222,1e-4,1e-4,6e-4,2e-4,0,8e-4,0.1038,0.0053,0.0015,0.0075,0.0011,0.0011,0,6e-4,0.0128,0.0023,0.0104,0.2073,1e-4,0.0013,0.0014,0,1e-4,0,0.0029,0.0088,9e-4,2e-4,0,1e-4,4e-4,0.0105,2e-4,6e-4,0.0017,0.0015999999999999999,0.0899,0.045,0.025500000000000002,0.1013,0.0838,0.0252,0.07619999999999999,0.0964,0.25670000000000004,0.1114,0.05550000000000001,0.031299999999999994,0.11660000000000001,0.0503,0.106,0.048,0.0785,0.0135,0.0684,0.0466,0.0398,0.211,0.10200000000000001,0.11929999999999999
48,119405,118709,0.3690368885257226,0.6309631114742774,0.5022,0.4978,28.23157894736842,52336.43243243243,0.2421,0.7579,0.2977,0.7023,0.37300000000000005,0.22459999999999994,0.09780000000000001,0.0837,0.08789999999999999,0.1326,0.7821,0.0342,0.0209,0.0025,0.004,1e-4,0.0995,5e-4,2e-4,2e-4,0.003,0.0316,0.0181,0.003,0.2103,0.7596,0.6435,0.1162,0.2404,0.2096,0.0308,0.2783,0.6206,0.0531,0.048,0.20690000000000003,0.3078,0.1252,0.0586,0.1702,0.13140000000000002,0.6703,0.034,0.2957,0.9086,0.4734999999999999,0.46790000000000004,0.09129999999999999,0.342,0.309,0.0688,0.0043,0.0013,0.0089,0.0014,0.0011,0.2723,4e-4,3e-4,0.002,0.0775,0.017,0.0024,0.0052,5e-4,0.0029,0,0.0014,0.0229,0.0065,0.0082,0.0663,1e-4,8e-4,0,0,0,0,7e-4,0.0089,0.0014,2e-4,0,3e-4,0.0116,0.0078,0.0518,3e-4,0.0021,0.0367,0.0016,5e-4,0.0047,5e-4,3e-4,0.0841,3e-4,1e-4,8e-4,0.0552,0.0113,0.001,0.0039,5e-4,0.0018,0,9e-4,0.0128,0.0048,0.0049,0.0496,1e-4,4e-4,0,0,0,0,6e-4,0.007,5e-4,1e-4,0,0,0.0059,0.0041,0.0128,1e-4,0.0011,0.0019,0.0549,0.049,0.0489,0.0998,0.060899999999999996,0.0195,0.0807,0.10239999999999999,0.3648,0.0637,0.037,0.0164,0.1325,0.0354,0.19440000000000002,0.0453,0.06670000000000001,0.0113,0.0403,0.0316,0.027499999999999997,0.2702,0.057,0.0877
49,125196,124910,0.3601793291169642,0.6398206708830357,0.499,0.501,37.691428571428574,53953.31428571429,0.1759,0.8241,0.2398,0.7602,0.22999999999999998,0.2389,0.1409,0.1331,0.1212,0.136,0.2634,0.0603,0.0085,0.0034,0.0015,0.0015,0.5233,0.0018,1e-4,0,0.0034,0.115,0.0111,0.0067,0.19920000000000002,0.7717,0.5563,0.2154,0.2283,0.1756,0.0526,0.31310000000000004,0.5755,0.0543,0.056999999999999995,0.3854,0.2516,0.0816,0.0534,0.1638,0.06409999999999999,0.714,0.0435,0.2425,0.839,0.4388,0.4255,0.16099999999999998,0.2047,0.5377,0.1517,0.002,1e-4,0.0409,4e-4,4e-4,0.0098,0,6e-4,0.0062,0.0272,0.0146,5e-4,0.0037,3e-4,0.001,8e-4,0.001,0.0107,0.0046,0.0088,0.4597,4e-4,0.0021,2e-4,0,1e-4,0,0.0042,0.0091,0.0034,9e-4,0,2e-4,0.0019,0.0238,0.0028,1e-4,0.0013,0.0865,0.0016,1e-4,0.023,0,0,0.0023,0,1e-4,0.002,0.0193,0.0094,3e-4,0.0022,1e-4,7e-4,5e-4,8e-4,0.0046,0.0015,0.0061,0.3499,4e-4,0.0014,0,0,0,0,0.0029,0.0048,0.0013,7e-4,0,0,0.0016,0.0116,0.0012,1e-4,7e-4,0.0021,0.091,0.0562,0.0293,0.09240000000000001,0.0677,0.0165,0.060200000000000004,0.0847,0.22390000000000002,0.1925,0.0639,0.0199,0.0887,0.0378,0.0835,0.035,0.0788,0.0167,0.13319999999999999,0.043300000000000005,0.0441,0.20579999999999998,0.1014,0.1315
50,136169,135363,0.20866115555949558,0.7913388444405044,0.4954,0.5046,30.31111111111111,85720.44444444444,0.1969,0.8031,0.1906,0.8094,0.2659,0.33649999999999997,0.16490000000000002,0.0776,0.0708,0.0844,0.7337,0.0775,0.0388,0.013,8e-4,4e-4,0.0456,3e-4,0,0,0.0028,0.0519,0.0221,0.0129,0.10650000000000001,0.5049,0.401,0.1039,0.4951,0.3016,0.1935,0.4773,0.4438,0.031100000000000003,0.0479,0.1325,0.1956,0.1121,0.0337,0.3428,0.18339999999999998,0.7876,0.0282,0.1842,0.9286000000000001,0.7033,0.26730000000000004,0.0714,0.4569,0.2112,0.1339,0.0089,6e-4,0.0075,0.0024,0.0057,0.2507,8e-4,0.0018,4e-4,0.0066,0.0693,9e-4,0.0012,0,0,9e-4,0.0011,0.0012,0.0032,0.0028,0.0117,0.0036,0.0038,0,0,2e-4,2e-4,0.0012,0.0018,0.001,2e-4,0,0,0.0015,0.0016,0.0148,0.0011,4e-4,0.0467,7e-4,1e-4,0.002,5e-4,4e-4,0.0995,0,1e-4,0,0.0025,0.0384,0,5e-4,0,0,1e-4,1e-4,8e-4,0.0019,6e-4,0.0067,8e-4,0.0011,0,0,2e-4,0,4e-4,0.001,2e-4,1e-4,0,0,8e-4,8e-4,0.0038,3e-4,1e-4,2e-4,0.0332,0.0419,0.027700000000000002,0.0942,0.0235,0.089,0.0964,0.2354,0.186,0.1073,0.042,0.0234,0.246,0.0726,0.2574,0.0254,0.0205,0.0109,0.0394,0.0185,0.0267,0.2029,0.0353,0.0446
51,119874,116954,0.26510422901311625,0.7348957709868837,0.4967,0.5033,34.3969696969697,62468.03125,0.2235,0.7765,0.2696,0.7304,0.2371,0.2781,0.1511,0.1215,0.09889999999999999,0.113,0.2589,0.2017,0.0682,0.0145,0.0015,0.0061,0.2055,7e-4,0.0027,0,0.006,0.1939,0.0194,0.0207,0.17400000000000002,0.6557,0.4221,0.2337,0.3443,0.234,0.1103,0.4359,0.46230000000000004,0.043000000000000003,0.0587,0.334,0.2221,0.09720000000000001,0.0395,0.1808,0.1263,0.7144,0.0508,0.2348,0.8185,0.48939999999999995,0.3611,0.1815,0.2895,0.4215,0.428,0.004,0.0021,0.0029,7e-4,0.0021,0.0238,2e-4,6e-4,0.0024,0.0142,0.0098,8e-4,0.0027,0,9e-4,0.0013,0.0018,0.0024,0.0095,0.0025,0.1456,0.0013,0.0026,5e-4,0,8e-4,1e-4,0.0023,0.0028,0.003,6e-4,0,0,0.0028,0.0305,0.0033,0.0017,3e-4,0.2401,0.0011,2e-4,8e-4,5e-4,3e-4,0.0091,0,0,9e-4,0.0104,0.0054,2e-4,0.002,0,2e-4,4e-4,5e-4,0.0011,0.0058,0.001,0.1168,7e-4,0.001,0,0,5e-4,0,0.001,0.0016,0.0012,4e-4,0,0,0.0019,0.0148,7e-4,7e-4,2e-4,9e-4,0.0688,0.057499999999999996,0.020999999999999998,0.0969,0.0487,0.042300000000000004,0.0551,0.1162,0.22469999999999998,0.1735,0.0699,0.0244,0.125,0.0419,0.1537,0.0371,0.045,0.0193,0.11460000000000001,0.0482,0.0426,0.181,0.07300000000000001,0.11860000000000001
52,130606,126298,0.4316141189884242,0.5683858810115758,0.4813,0.5187,36.05833333333333,136587.22222222222,0.0388,0.9612,0.0686,0.9314,0.1952,0.28690000000000004,0.1956,0.1207,0.09430000000000001,0.1074,0.6714,0.0633,0.0777,0.0079,7e-4,0.0011,0.0835,0.001,4e-4,0,0.0051,0.035,0.0446,0.0082,0.046400000000000004,0.5175,0.4273,0.0902,0.4825,0.3294,0.15310000000000001,0.4153,0.49920000000000003,0.0299,0.0555,0.0575,0.0758,0.0645,0.0272,0.3668,0.4082,0.8138,0.0378,0.1484,0.9588,0.8786,0.09720000000000001,0.0411,0.7447,0.067,0.1205,0.0199,0.0039,0.0121,0.0037,0.0078,8e-4,0.0025,0.0044,0.0036,0.0064,0.0037,8e-4,0.0011,1e-4,0.002,7e-4,0.0032,0.0017,0.0022,0.0039,0.0219,0.005,0.0046,0,0,4e-4,1e-4,0.001,0.0026,0.0017,4e-4,0,0,8e-4,0.0066,0.0039,6e-4,8e-4,0.0385,0.0031,0.002,0.0016,3e-4,8e-4,4e-4,1e-4,2e-4,5e-4,0.0018,0.0015,1e-4,3e-4,0,4e-4,2e-4,1e-4,1e-4,4e-4,9e-4,0.0076,0.0017,0.0017,0,0,1e-4,0,0,2e-4,1e-4,2e-4,0,0,1e-4,0.0015,5e-4,0,0,0.001,0.0211,0.0282,0.0147,0.0662,0.0123,0.0991,0.1249,0.2801,0.2017,0.0827,0.0361,0.0319,0.3091,0.0958,0.3224,0.046,0.009600000000000001,0.0089,0.017,0.0098,0.0153,0.1286,0.014799999999999999,0.022600000000000002
53,121267,118940,0.11713468975954262,0.8828653102404573,0.5022,0.4978,30.893333333333334,61700.03333333333,0.2474,0.7526,0.2793,0.7207,0.2066,0.3829,0.1379,0.0999,0.0782,0.09469999999999999,0.3245,0.1671,0.0836,0.0463,0.002,0.0081,0.0812,8e-4,7e-4,3e-4,0.0036,0.2434,0.0193,0.0192,0.0936,0.5202,0.2768,0.2434,0.4798,0.2625,0.2173,0.5705,0.32689999999999997,0.0384,0.06409999999999999,0.2458,0.22260000000000002,0.11630000000000001,0.0436,0.2667,0.10500000000000001,0.7327,0.0501,0.2172,0.8511,0.5849,0.304,0.1488,0.3678,0.3141,0.4898,0.006,8e-4,0.005,0.0011,0.0029,0.0329,4e-4,7e-4,5e-4,0.005,0.0104,4e-4,9e-4,1e-4,1e-4,4e-4,0.0019,5e-4,0.0037,0.0025,0.0412,0.0038,0.0028,0,0,7e-4,1e-4,0.0011,0.0051,0.0036,0.0011,0,0,1e-4,0.0023,0.004,3e-4,1e-4,0.2469,8e-4,2e-4,0.0016,5e-4,6e-4,0.0128,0,0,0,0.0027,0.0069,0,3e-4,1e-4,1e-4,1e-4,0,1e-4,0.0027,4e-4,0.0289,0.0011,8e-4,0,0,1e-4,0,4e-4,0.0029,0.001,3e-4,0,0,0,0.0011,7e-4,0,0,0.0024000000000000002,0.045700000000000005,0.0423,0.023,0.1056,0.0418,0.07880000000000001,0.061200000000000004,0.1999,0.17930000000000001,0.1456,0.0518,0.022699999999999998,0.15439999999999998,0.0581,0.2039,0.0177,0.0463,0.0212,0.0802,0.0459,0.0383,0.1901,0.057999999999999996,0.0859
54,134824,133568,0.29711457834211785,0.7028854216578821,0.4911,0.5089,32.88717948717949,52475.86842105263,0.2097,0.7903,0.2946,0.7054,0.2248,0.3126,0.1332,0.1211,0.1086,0.0994,0.0987,0.2298,0.2964,0.0614,0.0015,0.0029,0.0554,4e-4,0,5e-4,0.0092,0.2089,0.0145,0.0203,0.13799999999999998,0.6345,0.3195,0.315,0.3655,0.2505,0.1151,0.5281,0.3705,0.041299999999999996,0.0601,0.2149,0.3674,0.1441,0.0643,0.15310000000000001,0.0562,0.6946,0.038,0.2674,0.8768,0.5787,0.344,0.1232,0.4318,0.2341,0.4925,0.0048,0.009,0.001,8e-4,2e-4,1e-4,7e-4,1e-4,2e-4,0.0013,5e-4,2e-4,0,0,1e-4,1e-4,0.0016,7e-4,0.0269,0.0026,0.0147,0.0011,0.0016,0,0,0,0,2e-4,7e-4,1e-4,1e-4,0,2e-4,3e-4,0.0014,6e-4,0.0036,3e-4,0.1986,0.002,0.0035,1e-4,3e-4,1e-4,1e-4,1e-4,1e-4,0,9e-4,2e-4,0,0,0,0,0,9e-4,4e-4,0.0127,5e-4,0.0098,0.0011,4e-4,0,0,0,0,0,5e-4,1e-4,0,0,0,3e-4,4e-4,0,8e-4,2e-4,0.0017,0.0676,0.0332,0.0213,0.1152,0.08729999999999999,0.0345,0.0493,0.1154,0.2491,0.1298,0.0572,0.0382,0.0907,0.0288,0.1354,0.0303,0.0776,0.031100000000000003,0.0771,0.052500000000000005,0.046700000000000005,0.20950000000000002,0.0886,0.13169999999999998
55,124991,117406,0.21047476278895458,0.7895252372110454,0.4419,0.5581,34.64411764705882,38244.117647058825,0.2598,0.7402,0.4003,0.5997,0.23459999999999998,0.2794,0.1368,0.1308,0.10810000000000002,0.1099,0.053900000000000003,0.0568,0.6908,0.047,7e-4,0.0012,0.0149,8e-4,3e-4,0,0.0031,0.1019,0.014,0.0145,0.06470000000000001,0.5524,0.1764,0.376,0.4476,0.3778,0.0698,0.5946,0.28049999999999997,0.0574,0.0677,0.22560000000000002,0.3484,0.158,0.0781,0.1334,0.0565,0.6076,0.0711,0.3212,0.8865999999999999,0.48769999999999997,0.4464,0.1135,0.7464,0.0955,0.1814,0.0099,0.0246,0.0012,8e-4,1e-4,5e-4,9e-4,0,0,6e-4,0,1e-4,4e-4,1e-4,2e-4,0,0,7e-4,0.0044,0.0013,0.0046,2e-4,0.0013,1e-4,0,0,1e-4,0,2e-4,7e-4,1e-4,0,1e-4,0,0.0033,4e-4,0.015,4e-4,0.0687,0.0038,0.0091,2e-4,6e-4,0,2e-4,3e-4,0,0,1e-4,0,0,3e-4,0,1e-4,0,0,0,0.0013,4e-4,0.003,0,6e-4,0,0,0,1e-4,0,0,1e-4,0,0,0,0,0.0014,0,0.0052,0,9e-4,0.0462,0.0253,0.0156,0.0989,0.0897,0.0326,0.0518,0.1132,0.32180000000000003,0.09,0.0591,0.055,0.0882,0.0295,0.1371,0.0407,0.1142,0.0618,0.0553,0.0563,0.0493,0.2017,0.0624,0.10350000000000001
56,120685,119212,0.26249035332013554,0.7375096466798644,0.4502,0.5498,33.24848484848485,53573.21212121212,0.2287,0.7713,0.3012,0.6988,0.2087,0.3223,0.13690000000000002,0.1226,0.1006,0.10919999999999999,0.1493,0.0463,0.6008,0.0426,0.0018,0.0016,0.0324,3e-4,2e-4,8e-4,0.0029,0.0789,0.0257,0.0165,0.060099999999999994,0.5415,0.2075,0.3341,0.4585,0.3196,0.1388,0.5787,0.2894,0.053599999999999995,0.0784,0.16659999999999997,0.2587,0.15460000000000002,0.0661,0.227,0.1266,0.6986,0.0595,0.2419,0.9022,0.6191,0.3357,0.0979,0.776,0.093,0.1521,0.0116,0.013,0.0014,3e-4,0.001,0.002,1e-4,8e-4,1e-4,0.0018,1e-4,0,5e-4,0,7e-4,0,1e-4,0.0012,0.0074,2e-4,0.0069,8e-4,0.0016,0,0,0,0,1e-4,0.0024,7e-4,1e-4,0,0,0,0.0046,7e-4,0.0113,2e-4,0.0678,0.0029,0.0052,4e-4,1e-4,2e-4,6e-4,0,1e-4,0,6e-4,0,0,0,0,0,0,0,4e-4,0.005,0,0.0044,2e-4,1e-4,0,0,0,0,0,4e-4,0,1e-4,0,0,0,0.0023,2e-4,0.002,0,6.000000000000001e-4,0.0292,0.0236,0.0161,0.1053,0.0779,0.0584,0.056499999999999995,0.1453,0.2712,0.1197,0.0513,0.044700000000000004,0.1418,0.042,0.2105,0.0342,0.0643,0.038,0.0526,0.0338,0.0432,0.2146,0.038099999999999995,0.08710000000000001
57,154207,149208,0.2727199613961718,0.7272800386038282,0.4602,0.5398,34.44054054054054,84658.35135135135,0.1359,0.8641,0.1765,0.8235,0.1731,0.3465,0.16219999999999998,0.1136,0.09149999999999998,0.113,0.3704,0.0475,0.3732,0.022,0.0012,0.002,0.0773,4e-4,2e-4,1e-4,0.0057,0.0477,0.0393,0.0132,0.0564,0.4631,0.2709,0.1922,0.5369,0.357,0.1799,0.5448,0.3446,0.0414,0.0692,0.11779999999999999,0.15719999999999998,0.1135,0.0476,0.3162,0.24760000000000001,0.7674,0.0503,0.1823,0.9358,0.753,0.21689999999999998,0.06420000000000001,0.7337,0.0965,0.1222,0.0179,0.0173,0.0043,0.0012,0.004,0.0116,0.001,6e-4,0.0011,0.0038,0.0012,7e-4,9e-4,1e-4,0.0012,5e-4,0.0021,0.0014,0.0067,0.0019,0.028,0.0046,0.0039,0,0,7e-4,0,6e-4,0.0029,0.0014,0.0011,0,4e-4,1e-4,0.007,0.0032,0.0105,3e-4,0.0396,0.0046,0.0088,7e-4,2e-4,1e-4,0.0047,3e-4,1e-4,1e-4,0.0011,2e-4,2e-4,1e-4,0,1e-4,0,3e-4,4e-4,0.0033,7e-4,0.018,0.0016,0.0011,0,0,5e-4,0,0,8e-4,5e-4,1e-4,0,0,0,0.0041,0.0011,0.0031,0,9e-4,0.0231,0.0288,0.0129,0.0751,0.0406,0.0843,0.07930000000000001,0.2168,0.2456,0.0966,0.0534,0.0424,0.2233,0.08080000000000001,0.2717,0.0369,0.0376,0.0219,0.0332,0.026099999999999998,0.0295,0.1618,0.023600000000000003,0.0535
58,128901,126132,0.45699743126248693,0.5430025687375131,0.4418,0.5582,40.49111111111111,64431.97777777778,0.1021,0.8979,0.1687,0.8313,0.20929999999999996,0.2243,0.13069999999999998,0.13269999999999998,0.1371,0.16589999999999996,0.0241,0.0155,0.8709,0.0236,0.0019,2e-4,0.0145,7e-4,0,0,0.0039,0.0305,0.0109,0.0033,0.0766,0.6828,0.3159,0.3669,0.3172,0.2822,0.0351,0.4567,0.39070000000000005,0.06,0.09259999999999999,0.1382,0.3307,0.1868,0.0861,0.177,0.0815,0.7418,0.0485,0.2097,0.8857999999999999,0.6436000000000001,0.2677,0.1142,0.8085,0.0848,0.049,0.0137,0.099,8e-4,0,2e-4,5e-4,7e-4,0,0,0.001,2e-4,1e-4,0,0,0,0,4e-4,0.0012,0.0026,0.0011,0.0036,3e-4,2e-4,0,0,1e-4,0,1e-4,0,9e-4,0,0,7e-4,3e-4,0.0027,7e-4,0.0111,4e-4,0.0155,0.0063,0.0511,5e-4,0,1e-4,1e-4,0,0,0,6e-4,1e-4,0,0,0,0,0,2e-4,7e-4,0.0013,2e-4,0.0024,2e-4,1e-4,0,0,1e-4,0,0,0,1e-4,0,0,0,1e-4,0.0015,1e-4,0.0034,1e-4,0.001,0.0559,0.0159,0.0121,0.0785,0.10350000000000001,0.0186,0.0576,0.0879,0.3969,0.0628,0.0596,0.0498,0.0917,0.0234,0.1238,0.0789,0.13419999999999999,0.0508,0.0351,0.0491,0.044500000000000005,0.1832,0.0822,0.1033
59,131748,131555,0.6418304131351906,0.3581695868648094,0.4537,0.5463,39.90196078431372,86175.49019607843,0.0739,0.9261,0.1278,0.8722,0.2269,0.21230000000000002,0.12530000000000002,0.13,0.1478,0.1576,0.2754,0.0296,0.5659,0.0179,8e-4,4e-4,0.0554,0.0014,0,1e-4,0.0035,0.0338,0.012,0.0038,0.06779999999999999,0.7549,0.4549,0.3,0.2451,0.21560000000000001,0.0295,0.3875,0.478,0.0589,0.0756,0.106,0.3029,0.1771,0.0871,0.1982,0.1287,0.7451,0.0384,0.2165,0.9221999999999999,0.7344999999999999,0.2121,0.07780000000000001,0.6842,0.1398,0.0601,0.0153,0.1084,0.0102,5e-4,5e-4,0.0022,6e-4,0,0.004,0.0339,0.0016,2e-4,0.0034,0,1e-4,0,0.0024,0.004,0.0033,0.0017,0.0221,4e-4,0.0011,0,0,0,0,4e-4,5e-4,0.0042,2e-4,0,4e-4,6e-4,0.0089,0.0172,0.0074,0,0.0199,0.0059,0.0547,0.003,2e-4,1e-4,7e-4,0,0,0.0013,0.0157,3e-4,2e-4,0.0018,0,0,0,0.0015,0.002,0.0022,8e-4,0.0135,0,6e-4,0,0,0,0,2e-4,1e-4,0.0014,1e-4,0,0,6e-4,0.0052,0.0053,0.0025,0,7e-4,0.053399999999999996,0.0191,0.013499999999999998,0.0932,0.0924,0.0227,0.07050000000000001,0.0843,0.3951,0.06,0.0395,0.0557,0.1181,0.0358,0.1366,0.1037,0.09050000000000001,0.0436,0.027700000000000002,0.032,0.0353,0.21150000000000002,0.0721,0.09330000000000001
60,132069,129779,0.24936237758034813,0.7506376224196518,0.4298,0.5702,35.925714285714285,36080.65714285714,0.2638,0.7362,0.3757,0.6243,0.2525,0.2412,0.123,0.1193,0.12319999999999999,0.1411,0.0349,0.0921,0.7032,0.052,0.0016,0.0027,0.0222,5e-4,5e-4,0,0.0075,0.0673,0.0079,0.0077,0.1039,0.5983,0.2197,0.3786,0.4017,0.373,0.0287,0.5347999999999999,0.312,0.0672,0.086,0.19010000000000002,0.4258,0.16999999999999998,0.0691,0.1013,0.0435,0.6062,0.0643,0.3295,0.9300999999999999,0.5352,0.44210000000000005,0.0699,0.7256,0.0984,0.173,0.0049,0.0236,0.0019,3e-4,1e-4,0.001,5e-4,0,0,0.016,0.0018,2e-4,0,0,0,0,1e-4,0.0013,0.0104,0.0012,0.0056,6e-4,0.001,0,0,2e-4,0,8e-4,1e-4,0,0,0,0,0,0.0037,0.002,0.0241,1e-4,0.0579,0.0018,0.0088,5e-4,1e-4,0,1e-4,1e-4,0,0,0.014,0,0,0,0,0,0,0,9e-4,0.0036,7e-4,0.0031,1e-4,6e-4,0,0,2e-4,0,8e-4,0,0,0,0,0,0,0.0014,1e-4,0.0035,1e-4,0.0025,0.0466,0.0237,0.0099,0.1009,0.1331,0.0103,0.0458,0.10200000000000001,0.3343,0.076,0.0534,0.061399999999999996,0.0627,0.016300000000000002,0.10490000000000001,0.053399999999999996,0.1206,0.06789999999999999,0.0375,0.06720000000000001,0.054099999999999995,0.2112,0.0694,0.13490000000000002
61,115655,113235,0.5486201262860423,0.4513798737139577,0.4957,0.5043,37.55,65391.68965517241,0.1827,0.8173,0.2533,0.7467,0.2381,0.23670000000000002,0.13470000000000001,0.131,0.133,0.1265,0.2947,0.2168,0.2628,0.0266,7e-4,0.0026,0.081,0.0013,0,2e-4,0.0045,0.0745,0.021,0.0133,0.0629,0.6913,0.4307,0.2607,0.3087,0.2672,0.0415,0.4138,0.45830000000000004,0.0533,0.0745,0.1729,0.2865,0.1694,0.0704,0.1824,0.1184,0.6555,0.0335,0.3111,0.8933,0.6421999999999999,0.2807,0.1067,0.6437,0.1386,0.2277,0.0082,0.0066,0.0052,6e-4,9e-4,1e-4,4e-4,5e-4,4e-4,0.0028,0.0088,0.0011,0.0016,0,0,2e-4,0.0015,0.0078,0.0132,0.0042,0.0157,0.0012,0.0043,2e-4,0,0,0,7e-4,0.0039,0.0102,2e-4,2e-4,9e-4,5e-4,0.0114,0.0013,0.0136,0,0.092,0.001,0.0022,0.0015,2e-4,2e-4,0,0,2e-4,0,0.0016,0.0032,5e-4,8e-4,0,0,1e-4,4e-4,0.0017,0.0056,0.0014,0.0108,4e-4,0.0018,1e-4,0,0,0,5e-4,0.0011,0.0023,1e-4,0,2e-4,2e-4,0.0053,1e-4,0.0031,0,0.0037,0.0737,0.0279,0.0115,0.1011,0.0713,0.024,0.0682,0.11370000000000001,0.2917,0.0943,0.0488,0.0702,0.108,0.0362,0.1372,0.0737,0.06369999999999999,0.0618,0.0548,0.0388,0.0359,0.20850000000000002,0.0886,0.0928
62,113897,113235,0.8787300746235704,0.12126992537642955,0.486,0.514,43.423809523809524,104233.14285714286,0.0449,0.9551,0.0544,0.9456,0.20959999999999998,0.1969,0.12369999999999999,0.1426,0.1464,0.18090000000000003,0.8463,0.0748,0.0048,0.001,0.002,1e-4,0.0471,1e-4,1e-4,2e-4,0.0016,0.0105,0.0085,0.0029,0.0202,0.7733,0.6302,0.1431,0.2267,0.2007,0.0259,0.28090000000000004,0.587,0.0656,0.0665,0.0706,0.30670000000000003,0.1773,0.0797,0.2164,0.1491,0.7368,0.0233,0.2399,0.9694,0.8791,0.1203,0.030600000000000002,0.7942,0.0653,0.0416,0.0012,2e-4,0.0464,9e-4,0.0018,3e-4,1e-4,2e-4,0.0033,0.0398,0.0037,0.0021,0.0056,0,7e-4,0.0011,8e-4,0.0035,0.0028,0.0108,0.0158,1e-4,0.0062,6e-4,0,4e-4,0,0.001,0.0021,0.0016,3e-4,0,0,0,0.008,0.003,0,0,0.009,2e-4,1e-4,0.0156,5e-4,2e-4,1e-4,0,0,6e-4,0.0133,0.0011,4e-4,0.0019,0,1e-4,7e-4,0,8e-4,0.001,0.0019,0.009,0,0.0038,0,0,4e-4,0,0,0.001,7e-4,1e-4,0,0,0,0.0027,1e-4,0,0,5e-4,0.0945,0.0262,0.0188,0.0917,0.0657,0.0195,0.105,0.1113,0.308,0.0511,0.0302,0.0776,0.1653,0.0496,0.1614,0.0774,0.0295,0.062299999999999994,0.0232,0.0165,0.017599999999999998,0.22699999999999998,0.0968,0.0736
63,137028,134602,0.7889258703436799,0.2110741296563201,0.4789,0.5211,39.748387096774195,86715.6,0.0814,0.9186,0.0946,0.9054,0.2242,0.22400000000000003,0.11709999999999998,0.1412,0.131,0.163,0.6249,0.1221,0.0615,0.0062,5e-4,7e-4,0.1327,0.0014,8e-4,0,9e-4,0.0255,0.0179,0.0047,0.0449,0.7541,0.5839,0.1702,0.2459,0.2119,0.034,0.3124,0.5546,0.0639,0.0692,0.0951,0.30679999999999996,0.1702,0.0692,0.2054,0.15310000000000001,0.6908,0.0316,0.2776,0.9478,0.7864,0.19319999999999998,0.052099999999999994,0.7043,0.09280000000000001,0.0705,0.0038,1e-4,0.0231,4e-4,0.0013,9e-4,0,2e-4,0.0065,0.021,0.0106,0.0018,0.002,0,9e-4,2e-4,0.0081,0.008,0.0075,0.0128,0.0337,3e-4,0.0156,0,0,0,0,0.0018,0.0158,0.0108,0.0013,0,1e-4,5e-4,0.0229,0.0065,0.0064,3e-4,0.0175,9e-4,1e-4,0.0066,3e-4,2e-4,1e-4,0,0,0.0021,0.0067,0.0027,4e-4,9e-4,0,5e-4,1e-4,0.0017,0.0011,0.0013,0.0042,0.0182,0,0.0087,0,0,0,0,0.0014,0.0059,0.0019,4e-4,0,0,2e-4,0.0076,7e-4,2e-4,2e-4,9e-4,0.064,0.020200000000000003,0.0155,0.1008,0.0784,0.024300000000000002,0.1031,0.1061,0.3136,0.0636,0.046200000000000005,0.0632,0.15360000000000001,0.0494,0.1414,0.0935,0.0378,0.0506,0.0358,0.023899999999999998,0.0329,0.2099,0.0843,0.087
64,137788,136363,0.6699764598901462,0.33002354010985385,0.4796,0.5204,41.58857142857143,81388.42857142857,0.0803,0.9197,0.1138,0.8862,0.2029,0.2168,0.1296,0.1466,0.1387,0.1654,0.6701,0.1034,0.0416,0.0042,8e-4,0.0022,0.1123,0.001,0,4e-4,0.0021,0.0341,0.0179,0.0101,0.0501,0.7078,0.5378,0.17,0.2922,0.2539,0.0383,0.3115,0.5524,0.0658,0.0702,0.1217,0.28559999999999997,0.1591,0.0721,0.2208,0.1409,0.7115,0.0378,0.2507,0.9390000000000001,0.7708999999999999,0.1979,0.061,0.6038,0.1594,0.0876,0.0018,6e-4,0.0257,5e-4,0.0013,4e-4,1e-4,9e-4,0.0106,0.0715,0.0179,0.0049,0.0066,0,4e-4,0.0037,0.0025,0.0066,0.004,0.0337,0.0502,0.0016,0.0039,0,0,5e-4,1e-4,8e-4,0.0044,0.0091,5e-4,0,0,4e-4,0.0401,3e-4,0.0018,0.0011,0.03,5e-4,1e-4,0.0093,0,1e-4,0,0,2e-4,0.0034,0.0329,0.0087,0.0011,0.003,0,1e-4,0.0011,5e-4,0.0022,0.0017,0.0124,0.0292,6e-4,0.0034,0,0,3e-4,1e-4,3e-4,0.0017,0.0028,2e-4,0,0,0,0.0126,1e-4,3e-4,5e-4,5e-4,0.0699,0.0291,0.0202,0.09,0.0714,0.030100000000000002,0.1043,0.1353,0.2694,0.0786,0.0407,0.0606,0.1633,0.053399999999999996,0.1375,0.0774,0.0343,0.035699999999999996,0.0416,0.0372,0.0318,0.2175,0.0782,0.0923
65,131373,126938,0.1851218705194662,0.8148781294805338,0.4859,0.5141,40.852,82280.2,0.1761,0.8239,0.2284,0.7716,0.12270000000000002,0.3084,0.14709999999999998,0.12290000000000001,0.11879999999999999,0.18010000000000004,0.3842,0.0717,0.0515,0.0104,0.0046,0.0026,0.3751,0.0033,3e-4,0,0.003,0.0515,0.0266,0.0152,0.0974,0.4572,0.3175,0.1397,0.5428,0.4206,0.1222,0.4553,0.4043,0.0656,0.0748,0.24580000000000002,0.1262,0.07139999999999999,0.0354,0.3169,0.2043,0.7596,0.0364,0.2041,0.9390999999999999,0.7265,0.2349,0.061,0.4677,0.2895,0.1329,0.0138,7e-4,0.0036,0.0017,0.0038,0.0017,6e-4,0.0027,0.0012,0.0074,4e-4,4e-4,0.002,3e-4,8e-4,0.0017,0.0055,0.0029,0.0051,0.0036,0.3073,0.0063,0.0091,2e-4,0,3e-4,3e-4,0.0018,0.0032,0.0023,8e-4,0,0,8e-4,0.0022,0.0036,8e-4,5e-4,0.0426,0.0021,3e-4,9e-4,5e-4,1e-4,2e-4,1e-4,0,1e-4,0.0032,2e-4,0,2e-4,0,4e-4,2e-4,1e-4,0.001,0.0018,2e-4,0.2263,0.0033,0.0023,2e-4,0,0,0,0.0011,5e-4,6e-4,1e-4,0,0,2e-4,2e-4,5e-4,0,0,6e-4,0.0141,0.0318,0.0186,0.0771,0.0288,0.054599999999999996,0.1724,0.2501,0.1767,0.11649999999999999,0.0351,0.0238,0.28590000000000004,0.0822,0.1821,0.0427,0.03949999999999999,0.0143,0.059300000000000005,0.0186,0.025099999999999997,0.1815,0.018299999999999997,0.0506
66,131380,119892,0.34632836219264,0.6536716378073599,0.4896,0.5104,36.237037037037034,149306.33333333334,0.0302,0.9698,0.0355,0.9645,0.1129,0.37729999999999997,0.15410000000000001,0.10800000000000001,0.10780000000000001,0.13979999999999998,0.7371,0.06,0.0386,0.0018,3e-4,8e-4,0.1092,4e-4,1e-4,0,0.0037,0.0145,0.0287,0.0051,0.040799999999999996,0.3374,0.2852,0.0522,0.6626,0.516,0.1466,0.5562,0.3546,0.025599999999999998,0.0635,0.0336,0.0582,0.069,0.0236,0.4331,0.38230000000000003,0.7764,0.0358,0.1878,0.9546,0.8988999999999999,0.06760000000000001,0.0454,0.7713,0.0482,0.0562,0.0275,1e-4,0.0094,0.0068,0.0069,0.0015,0.0022,0.0032,0.0019,0.0068,0.0039,0.001,0.002,1e-4,0.0023,0.0021,0.0053,0.0014,0.0013,0.0049,0.0391,0.0111,0.0108,1e-4,0,0,0,0.0013,0.0055,0.0011,6e-4,0,0,8e-4,0.0021,0.0078,0.001,5e-4,0.0134,0.0024,0,6e-4,0.0016,0.0011,2e-4,0,2e-4,2e-4,5e-4,8e-4,3e-4,2e-4,0,0.001,0,3e-4,0,2e-4,0.0016,0.0141,0.0048,0.0019,0,0,0,0,3e-4,0.0011,0,0,0,0,1e-4,3e-4,8e-4,0,2e-4,0.0012000000000000001,0.0077,0.0212,0.0199,0.067,0.0089,0.0832,0.2213,0.24,0.17620000000000002,0.10969999999999999,0.0297,0.0138,0.3601,0.0713,0.2496,0.0358,0.0123,0.0059,0.028499999999999998,0.007299999999999999,0.020200000000000003,0.18980000000000002,0.0069,0.012400000000000001
67,142025,139340,0.361087986220755,0.638912013779245,0.4686,0.5314,40.86666666666667,136417.66666666666,0.0432,0.9568,0.0663,0.9337,0.13269999999999998,0.265,0.1649,0.1352,0.12190000000000001,0.1806,0.6718,0.0805,0.0442,0.0037,0.001,0.0031,0.1336,5e-4,0,0,0.0045,0.0297,0.0221,0.0052,0.0445,0.3861,0.3213,0.0648,0.6139,0.5135,0.1004,0.4364,0.4401,0.0337,0.08979999999999999,0.033800000000000004,0.071,0.07150000000000001,0.0315,0.3601,0.43200000000000005,0.8033,0.032,0.1647,0.9591000000000001,0.8853,0.0937,0.040799999999999996,0.728,0.07200000000000001,0.1013,0.0264,0.001,0.0064,0.0069,0.0055,0.0023,0.0026,0.0017,0.002,0.0125,0.0036,7e-4,0.0014,5e-4,9e-4,0.002,0.0041,5e-4,0.0014,0.004,0.0336,0.0086,0.0101,1e-4,0,0.0021,0,0.001,0.0035,0.0051,9e-4,0,0,0.0011,0.0032,0.0125,0.0017,4e-4,0.0316,0.003,5e-4,8e-4,9e-4,3e-4,0,4e-4,2e-4,0,0.0029,7e-4,2e-4,0,0,1e-4,0,1e-4,0,9e-4,2e-4,0.0139,0.0042,0.0041,0,0,0.0014,0,1e-4,0.0012,1e-4,1e-4,0,0,3e-4,0.0014,0.001,0.001,4e-4,6e-4,0.0119,0.0343,0.0239,0.0519,0.0131,0.0706,0.21610000000000001,0.2429,0.1886,0.0989,0.03,0.0174,0.3389,0.09770000000000001,0.2352,0.054599999999999996,0.011099999999999999,0.0058,0.0191,0.007600000000000001,0.0223,0.18280000000000002,0.0084,0.0168
68,131279,125658,0.08540642060195133,0.9145935793980486,0.4652,0.5348,36.288,52311.32,0.2625,0.7375,0.2758,0.7242,0.1991,0.2904,0.1375,0.1241,0.114,0.135,0.1785,0.1572,0.2873,0.0477,9e-4,0.0046,0.0752,0.0027,1e-4,7e-4,0.0062,0.2008,0.0164,0.0218,0.0761,0.5063,0.2161,0.2902,0.49370000000000003,0.4241,0.0696,0.5587,0.3035,0.056299999999999996,0.0815,0.24259999999999998,0.2255,0.1331,0.0498,0.1869,0.1622,0.6242,0.0551,0.3207,0.8982999999999999,0.5554,0.38680000000000003,0.1018,0.4795,0.1928,0.3874,0.0214,0.0021,0.0061,0.0042,0.0015,0,5e-4,6e-4,7e-4,0.004,0.0012,9e-4,6e-4,1e-4,0.0014,4e-4,0.0022,0.0019,0.0071,0.0018,0.0329,0.0064,0.0074,0,0,0,0,5e-4,0.0024,0.0064,0.0017,1e-4,1e-4,6e-4,0.0045,0.0032,0.0077,4e-4,0.1479,0.0045,2e-4,0.0011,0.0014,1e-4,0,4e-4,0,2e-4,5e-4,4e-4,3e-4,0,0,0,0,7e-4,2e-4,0.0017,8e-4,0.0204,0.0031,0.0017,0,0,0,0,1e-4,4e-4,0.0018,6e-4,0,0,0,0.002,0,0.0022,1e-4,6e-4,0.0201,0.026099999999999998,0.0149,0.09659999999999999,0.0489,0.0429,0.0891,0.13390000000000002,0.2982,0.1421,0.053,0.0336,0.1739,0.050199999999999995,0.1639,0.0572,0.0517,0.025599999999999998,0.0771,0.0443,0.0408,0.2081,0.0309,0.0762
69,125019,114121,0.2954408040588498,0.7045591959411501,0.4506,0.5494,38.205882352941174,96864,0.0872,0.9128,0.1184,0.8816,0.1372,0.306,0.11589999999999999,0.1222,0.11429999999999998,0.2048,0.557,0.1069,0.094,0.0203,0.0014,2e-4,0.1001,0,1e-4,0,0.0039,0.0747,0.0231,0.0181,0.042800000000000005,0.4729,0.3511,0.1218,0.5271,0.4227,0.1044,0.4628,0.4051,0.0502,0.0819,0.1026,0.1009,0.0815,0.0313,0.2944,0.3893,0.7194,0.0365,0.2441,0.9474,0.837,0.15,0.0527,0.6542,0.11259999999999999,0.169,0.0218,0.0048,0.0042,0.0084,0.0113,0.0015,0.0014,0.0013,0.0022,0.0074,0.0023,0.0045,0.0015,8e-4,0.0018,0.0024,0.0063,0.002,0.0022,0.0041,0.0304,0.0058,0.0129,4e-4,0,4e-4,0,7e-4,0.0033,0.0041,2e-4,0,0,4e-4,0.006,0.0176,0.0014,8e-4,0.0657,0.0033,0.0029,6e-4,0.0034,9e-4,0,0,0,1e-4,0.0023,6e-4,0.0017,1e-4,0,1e-4,3e-4,0.0019,1e-4,6e-4,0.0026,0.015,0.0019,0.0025,0,0,1e-4,0,1e-4,5e-4,8e-4,1e-4,0,0,0,0.0029,0.001,5e-4,0,0.001,0.0194,0.0271,0.0154,0.0547,0.0146,0.06659999999999999,0.1176,0.2108,0.3118,0.0883,0.0432,0.029699999999999997,0.2533,0.0853,0.2915,0.054599999999999996,0.021900000000000003,0.0148,0.030699999999999998,0.0165,0.0334,0.1518,0.0166,0.029900000000000003
70,151738,147954,0.1426997580329021,0.8573002419670979,0.4663,0.5337,34.86785714285714,56602.92857142857,0.2036,0.7964,0.1918,0.8082,0.18669999999999998,0.31670000000000004,0.1486,0.1253,0.104,0.1185,0.1865,0.0638,0.4385,0.0423,8e-4,0.0022,0.0599,0.0014,7e-4,3e-4,0.0038,0.1311,0.0265,0.0423,0.059399999999999994,0.4709,0.2148,0.2561,0.5291,0.4064,0.1228,0.5644,0.30210000000000004,0.047,0.0864,0.1723,0.19519999999999998,0.1406,0.0492,0.2305,0.21209999999999998,0.6947,0.0525,0.2527,0.9068,0.6307,0.2948,0.0932,0.6119,0.1483,0.2405,0.0437,0.0064,0.0049,0.0028,0.0058,4e-4,7e-4,0.0012,8e-4,0.0025,4e-4,0.0015,0.0013,2e-4,0.0011,0,0.0039,8e-4,0.0038,0.0014,0.0247,0.0043,0.0035,1e-4,0,1e-4,0,7e-4,0.0026,8e-4,1e-4,0,1e-4,9e-4,0.005,0.0015,0.0193,3e-4,0.0997,0.0153,0.0024,0.0011,4e-4,3e-4,0,3e-4,1e-4,3e-4,9e-4,0,9e-4,2e-4,0,1e-4,0,4e-4,0,9e-4,1e-4,0.0116,0.0014,9e-4,0,0,0,0,1e-4,0.0012,0,0,0,0,2e-4,0.0022,4e-4,0.0069,0,7e-4,0.0235,0.0266,0.0127,0.0718,0.0471,0.051699999999999996,0.091,0.1452,0.3043,0.1328,0.0535,0.039,0.174,0.0565,0.2248,0.04,0.0467,0.0322,0.0545,0.039099999999999996,0.0414,0.19390000000000002,0.034999999999999996,0.06180000000000001
71,137706,135946,0.12279875833051358,0.8772012416694864,0.4809,0.5191,36.63809523809524,59242.333333333336,0.1752,0.8248,0.2688,0.7312,0.1757,0.3094,0.14029999999999998,0.1324,0.1147,0.1275,0.2075,0.1139,0.2588,0.0487,9e-4,0.0053,0.0328,0.0027,5e-4,6e-4,0.0028,0.2279,0.0214,0.076,0.0798,0.5217,0.2384,0.2833,0.4783,0.3469,0.1314,0.5204,0.3349,0.047599999999999996,0.09709999999999999,0.21259999999999998,0.19870000000000002,0.14730000000000001,0.053,0.2212,0.1672,0.7475,0.0597,0.1928,0.8603000000000001,0.5764,0.307,0.1398,0.4538,0.2573,0.4438,0.0189,0.0087,0.0026,0.001,0.0035,3e-4,9e-4,0.0011,0.0013,0.0047,8e-4,0.0013,3e-4,0,5e-4,2e-4,9e-4,1e-4,8e-4,0.0026,0.0066,0.0031,0.0018,0,0,0,0,2e-4,0.0016,0.0061,1e-4,0,2e-4,6e-4,0.0051,0.0023,0.0233,7e-4,0.2256,0.0057,0.0025,0.001,2e-4,5e-4,2e-4,1e-4,1e-4,5e-4,0.0016,2e-4,7e-4,2e-4,0,1e-4,1e-4,0,0,1e-4,2e-4,0.003,0.0011,3e-4,0,0,0,0,0,1e-4,2e-4,0,0,1e-4,0,0.002,0,0.0102,7e-4,5e-4,0.0368,0.0284,0.016,0.09079999999999999,0.0511,0.039400000000000004,0.06520000000000001,0.121,0.2863,0.179,0.0576,0.0278,0.1396,0.050699999999999995,0.1794,0.0361,0.0448,0.0274,0.0932,0.0564,0.047299999999999995,0.1707,0.051699999999999996,0.1026
72,151196,148647,0.04886745107536647,0.9511325489246335,0.4765,0.5235,35.87,50256.85,0.1851,0.8149,0.359,0.641,0.18739999999999998,0.3055,0.1326,0.1242,0.1073,0.14290000000000003,0.1513,0.1746,0.0684,0.0703,3e-4,0.0081,0.0237,0.0012,1e-4,6e-4,0.0036,0.4214,0.0108,0.0656,0.133,0.5829,0.2603,0.3225,0.4171,0.3183,0.0988,0.4577,0.3668,0.048600000000000004,0.127,0.30180000000000007,0.1983,0.1456,0.0552,0.1909,0.10820000000000002,0.7194,0.0645,0.2161,0.8762,0.5136000000000001,0.3925,0.1237,0.2378,0.4106,0.716,0.0037,0.001,0.001,0.0011,0.0038,2e-4,2e-4,1e-4,0.004,0.0057,0.0015,1e-4,6e-4,2e-4,3e-4,2e-4,1e-4,0,0.0018,2e-4,0.0043,0.0027,0.0021,0,0,1e-4,0,3e-4,7e-4,0.0015,2e-4,0,0,0,0.0013,0.0046,0.0021,5e-4,0.3967,9e-4,4e-4,5e-4,1e-4,2e-4,1e-4,1e-4,0,0.0017,0.0032,4e-4,0,2e-4,0,0,0,0,0,7e-4,0,0.0019,0.0013,9e-4,0,0,1e-4,0,0,3e-4,2e-4,0,0,0,0,1e-4,2e-4,3e-4,1e-4,3.0000000000000003e-4,0.0346,0.0381,0.0247,0.0986,0.052,0.032,0.0688,0.11,0.2764,0.16949999999999998,0.0736,0.0211,0.11779999999999999,0.0335,0.1452,0.0347,0.0689,0.0198,0.1048,0.069,0.0596,0.1885,0.0487,0.1094
73,99551,98126,0.5705419562603183,0.42945804373968166,0.4496,0.5504,47.91923076923077,163470.8,0.0218,0.9782,0.0136,0.9864,0.12279999999999999,0.2215,0.1304,0.12040000000000001,0.12789999999999999,0.27709999999999996,0.7922,0.0555,0.0118,0.001,0.0012,3e-4,0.1051,3e-4,0,3e-4,0.0022,0.0066,0.0201,0.0037,0.0234,0.4288,0.3756,0.0532,0.5712,0.4941,0.0771,0.3534,0.4956,0.0612,0.0897,0.023600000000000003,0.046099999999999995,0.0675,0.0196,0.4008,0.44239999999999996,0.8282,0.0226,0.1492,0.9744,0.9401999999999999,0.0469,0.0257,0.767,0.039,0.0497,0.0387,0,0.0133,0.0076,0.013,4e-4,0.0027,0.0016,0.0047,0.0109,0.0011,0.0022,0.0036,4e-4,0.002,0.0016,0.004,0.0014,0.0015,0.0034,0.0246,0.0105,0.0086,3e-4,0,7e-4,0,3e-4,0.0024,0.0056,1e-4,0,0,0.0011,0.0044,0.0098,5e-4,5e-4,0.0063,0.0052,0,0.0017,0.0015,0.0015,1e-4,2e-4,0,6e-4,0.0017,2e-4,0,0.0016,0,2e-4,0,7e-4,9e-4,0,5e-4,0.0066,0.0048,0.002,2e-4,0,0,0,0,4e-4,3e-4,1e-4,0,0,0,8e-4,7e-4,1e-4,1e-4,7e-4,0.014,0.030699999999999998,0.0274,0.0581,0.0158,0.0629,0.2577,0.2601,0.1662,0.057800000000000004,0.027299999999999998,0.0215,0.401,0.07350000000000001,0.2188,0.0634,0.0048000000000000004,0.0043,0.0135,0.0070999999999999995,0.0153,0.17830000000000001,0.009,0.0111
74,136474,131773,0.17914140225994704,0.820858597740053,0.4817,0.5183,36.542857142857144,88178.14285714286,0.1301,0.8699,0.1299,0.8701,0.1094,0.38209999999999994,0.1345,0.1106,0.10959999999999999,0.15389999999999998,0.5383,0.0911,0.0751,0.0082,4e-4,0.001,0.1691,0.0013,5e-4,0,0.0031,0.0775,0.0251,0.0092,0.0419,0.3389,0.2299,0.109,0.6611,0.514,0.1471,0.5694,0.3197,0.0471,0.0638,0.0937,0.1186,0.094,0.0314,0.3803,0.28180000000000005,0.7559,0.0286,0.2155,0.9445,0.8093999999999999,0.1555,0.0556,0.6288,0.135,0.1725,0.0187,5e-4,0.006,0.0034,0.005,5e-4,9e-4,0.0019,0.0026,0.0088,0.0077,4e-4,0.0035,4e-4,0.0021,0.0024,0.0058,0.0027,0.0073,0.0013,0.0672,0.0111,0.0123,1e-4,0,5e-4,0,7e-4,0.0037,0.0063,0.0026,0,1e-4,0.001,0.0048,0.0036,0.003,0,0.0599,0.0026,0,5e-4,8e-4,5e-4,4e-4,0,3e-4,5e-4,0.0026,0.0025,1e-4,8e-4,0,1e-4,0,2e-4,8e-4,0.0031,4e-4,0.0436,0.0055,0.0046,0,0,0,0,1e-4,4e-4,0.0016,9e-4,0,0,0,0.0017,2e-4,3e-4,0,0.0012,0.0199,0.0292,0.0162,0.0589,0.0236,0.07680000000000001,0.176,0.24830000000000002,0.20299999999999999,0.0762,0.0395,0.0313,0.29710000000000003,0.094,0.2074,0.060700000000000004,0.021400000000000002,0.006500000000000001,0.0243,0.019,0.0324,0.1925,0.0197,0.025099999999999997
75,136805,130368,0.2923877025036819,0.7076122974963182,0.5129,0.4871,38.96969696969697,128395.75757575757,0.0517,0.9483,0.0797,0.9203,0.08259999999999999,0.37710000000000005,0.1541,0.1263,0.12309999999999999,0.13690000000000002,0.6287,0.0945,0.048,0.0051,6e-4,9e-4,0.1636,0.0012,5e-4,1e-4,0.0062,0.0242,0.0205,0.0059,0.040799999999999996,0.2964,0.2363,0.0601,0.7036,0.5609,0.1427,0.5455,0.3376,0.0333,0.0837,0.0478,0.0726,0.0732,0.0324,0.4079,0.3663,0.8104,0.0328,0.1568,0.9656999999999999,0.8828,0.0978,0.0343,0.6913,0.0863,0.0897,0.0238,5e-4,0.0101,0.0059,0.0088,1e-4,8e-4,0.0033,0.0025,0.0113,0.0059,0.0015,5e-4,9e-4,0.0017,5e-4,0.0095,9e-4,0.0034,0.0017,0.0466,0.0127,0.0221,1e-4,0,0.0015,1e-4,0.0021,0.0051,0.0039,1e-4,0,0,0.002,0.005,0.0113,0.013,2e-4,0.0256,0.0021,0,0.0028,0.0018,0.001,0,1e-4,3e-4,2e-4,0.0038,0.0015,3e-4,2e-4,2e-4,3e-4,1e-4,8e-4,1e-4,8e-4,5e-4,0.0186,0.0092,0.0108,0,0,4e-4,0,6e-4,5e-4,0.0012,1e-4,0,0,0,7e-4,5e-4,0.0012,0,4e-4,0.0134,0.030199999999999998,0.0189,0.0669,0.015899999999999997,0.0822,0.2296,0.2606,0.15310000000000001,0.0753,0.033100000000000004,0.020499999999999997,0.378,0.0788,0.2006,0.0476,0.0121,0.0085,0.0235,0.0124,0.0191,0.1844,0.011,0.024
76,155414,152500,0.3007672131147541,0.6992327868852459,0.4445,0.5555,39.044444444444444,119111.33333333333,0.0206,0.9794,0.0345,0.9655,0.14450000000000002,0.29100000000000004,0.1512,0.1274,0.1005,0.18560000000000001,0.7166,0.0696,0.0286,0.0044,0.0018,0.0011,0.1193,6e-4,4e-4,2e-4,0.0014,0.0264,0.0245,0.005,0.05029999999999999,0.4106,0.3539,0.0567,0.5894,0.4878,0.1015,0.4117,0.4597,0.0468,0.0817,0.0259,0.08,0.0759,0.0379,0.3714,0.40890000000000004,0.8358,0.0225,0.1417,0.9551999999999999,0.9055,0.060200000000000004,0.044899999999999995,0.7288,0.06760000000000001,0.0742,0.0277,4e-4,0.0102,0.0096,0.0125,4e-4,0.0018,0.002,0.0048,0.0168,0.0027,0.0064,0.0059,0.001,0.004,0.0013,0.0055,0.0012,0.0031,0.0069,0.0267,0.0082,0.0067,4e-4,1e-4,3e-4,0,8e-4,0.0072,0.0059,2e-4,0,0,0.0018,0.0051,0.0068,0.002,8e-4,0.0224,0.0057,1e-4,0.0021,0.0014,0.0016,0,4e-4,0,3e-4,0.0057,8e-4,0.003,0.0019,9e-4,9e-4,4e-4,6e-4,0,5e-4,0.0018,0.0082,0.0029,0.0014,4e-4,1e-4,2e-4,0,0,0.0013,0.001,0,0,0,7e-4,2e-4,5e-4,2e-4,0,0,0.017499999999999998,0.029400000000000003,0.0278,0.0514,0.0152,0.0659,0.20900000000000002,0.2056,0.2535,0.057800000000000004,0.0438,0.0231,0.3258,0.08629999999999999,0.1977,0.1037,0.0103,0.0038000000000000004,0.0127,0.0048000000000000004,0.0285,0.1987,0.0095000000000000015,0.0183
77,123489,120362,0.04990777820242269,0.9500922217975774,0.4615,0.5385,32.37692307692308,31941.84,0.3295,0.6705,0.4752,0.5248,0.2746,0.2749,0.12210000000000001,0.1232,0.1073,0.09849999999999998,0.0184,0.1035,0.3102,0.0839,0.0032,0.0052,0.0092,4e-4,2e-4,4e-4,0.0043,0.424,0.0071,0.0302,0.15810000000000002,0.6464,0.2224,0.4239,0.3536,0.3081,0.0456,0.5211,0.3432,0.0389,0.0968,0.32099999999999995,0.2858,0.18119999999999997,0.0632,0.1095,0.039299999999999995,0.6211,0.0809,0.298,0.8661,0.38029999999999997,0.54,0.1339,0.3151,0.3285,0.5704,0.0246,0.005,4e-4,2e-4,3e-4,1e-4,1e-4,0,3e-4,2e-4,1e-4,0,0,1e-4,0,0,0,6e-4,0.0032,0.0024,0.0019,4e-4,1e-4,0,0,0,0,0,0.0014,0.0025,0,0,3e-4,0,0.0033,0,0.0671,1e-4,0.2838,0.0118,0.0011,0,1e-4,0,0,0,0,1e-4,1e-4,1e-4,0,0,1e-4,0,0,0,2e-4,0.0017,0.0012,0.0012,0,1e-4,0,0,0,0,0,2e-4,4e-4,0,0,2e-4,0,0.0025,0,0.0235,1e-4,9e-4,0.0382,0.024399999999999998,0.0167,0.11979999999999999,0.0955,0.012900000000000002,0.056400000000000006,0.0991,0.325,0.1295,0.0566,0.0247,0.06620000000000001,0.014600000000000002,0.08779999999999999,0.026500000000000003,0.1361,0.0432,0.0745,0.0927,0.0499,0.1995,0.0551,0.1538
78,132023,127609,0.07357631515018533,0.9264236848498146,0.4743,0.5257,31.629166666666666,37254.166666666664,0.293,0.707,0.4454,0.5546,0.2657,0.3012,0.11699999999999999,0.11600000000000002,0.09999999999999999,0.10040000000000002,0.074,0.1213,0.1571,0.0454,0.0028,0.0024,0.0263,0.0018,4e-4,0.0017,0.0051,0.526,0.0112,0.0245,0.1659,0.6446,0.243,0.4016,0.3554,0.2946,0.0608,0.5158,0.34819999999999995,0.0416,0.0945,0.31170000000000003,0.2863,0.1809,0.0654,0.1021,0.0537,0.6532,0.0869,0.2599,0.8442,0.41579999999999995,0.4737,0.1557,0.2831,0.3261,0.6052,0.0126,0.0016,0.0039,5e-4,2e-4,3e-4,0.0013,0,0.0013,0.0026,3e-4,0.0041,0.0023,2e-4,7e-4,2e-4,6e-4,0.0035,0.0064,0.018,0.0046,3e-4,0.005,5e-4,0,2e-4,0,0.0054,0.0026,0.002,0,0,0,0,0.0033,1e-4,0.027,2e-4,0.2729,0.0059,7e-4,0.0014,1e-4,0,1e-4,1e-4,0,6e-4,0.002,2e-4,0.0017,7e-4,1e-4,4e-4,2e-4,4e-4,0.0014,0.0031,0.0097,0.0033,3e-4,0.0037,4e-4,0,2e-4,0,0.0041,7e-4,8e-4,0,0,0,0,0.0016,0,0.0092,1e-4,0.0011,0.0623,0.036699999999999997,0.019799999999999998,0.1254,0.0665,0.012199999999999999,0.066,0.0771,0.2963,0.1491,0.0653,0.022199999999999998,0.0696,0.017,0.0798,0.023,0.1023,0.0316,0.09690000000000001,0.0833,0.05109999999999999,0.22010000000000002,0.0811,0.1442
79,139707,136087,0.10152329024815009,0.8984767097518499,0.4625,0.5375,32.225806451612904,28108.90322580645,0.335,0.665,0.4869,0.5131,0.2824,0.2627,0.1245,0.11829999999999999,0.1083,0.10389999999999999,0.0155,0.1146,0.3678,0.0888,0.003,0.005,0.007,2e-4,0,0.0014,0.0022,0.3576,0.0076,0.0293,0.11739999999999999,0.6321,0.2243,0.4078,0.3679,0.335,0.0329,0.5312,0.3353,0.049800000000000004,0.0838,0.3259,0.2786,0.1814,0.0709,0.1094,0.0337,0.5971,0.0791,0.3239,0.8777999999999999,0.4037,0.5527,0.1222,0.3811,0.2656,0.5281,0.0164,0.0051,4e-4,1e-4,2e-4,0,2e-4,0,2e-4,1e-4,2e-4,0,3e-4,0,1e-4,0,5e-4,1e-4,0.0035,3e-4,0.0018,6e-4,5e-4,0,0,4e-4,0,4e-4,0,7e-4,1e-4,0,1e-4,0,0.0017,0,0.0558,0.0011,0.2323,0.0052,6e-4,2e-4,0,2e-4,0,1e-4,0,0,1e-4,0,0,0,0,0,0,3e-4,0,0.0017,1e-4,0.0013,3e-4,3e-4,0,0,1e-4,0,2e-4,0,7e-4,0,0,0,0,0.0016,0,0.0196,7e-4,9e-4,0.041299999999999996,0.0337,0.0235,0.12469999999999999,0.08399999999999999,0.0109,0.0577,0.0895,0.3308,0.1141,0.0495,0.039599999999999996,0.06839999999999999,0.013000000000000001,0.082,0.0245,0.1274,0.0533,0.0712,0.0895,0.0605,0.22860000000000003,0.0466,0.1349
80,124583,121226,0.29916024615181563,0.7008397538481844,0.4767,0.5233,38.69722222222222,58453.61111111111,0.1667,0.8333,0.2724,0.7276,0.21889999999999998,0.25229999999999997,0.1447,0.1278,0.1142,0.142,0.1924,0.1226,0.2122,0.0347,0.0024,0.0061,0.087,0.002,0,5e-4,0.0081,0.2904,0.0141,0.0275,0.1193,0.6487,0.3415,0.3072,0.3513,0.3162,0.0351,0.435,0.4226,0.055,0.0873,0.22460000000000002,0.2846,0.1642,0.0752,0.1599,0.0913,0.7023,0.07,0.2277,0.8858,0.5903,0.35760000000000003,0.11420000000000001,0.4045,0.2554,0.3967,0.0037,0.0031,0.0263,9e-4,0.0011,5e-4,1e-4,0,6e-4,0.0043,0.0017,0.0023,0.0034,2e-4,1e-4,6e-4,0.0025,0.0076,0.021,0.0428,0.01,2e-4,0.002,0.0037,0,8e-4,0,0.0081,0.0025,0.0101,3e-4,0,1e-4,0.0019,0.0172,5e-4,0.0185,0,0.1629,0.0013,8e-4,0.009,5e-4,1e-4,2e-4,0,0,4e-4,0.0026,0.0011,0.0012,0.0024,1e-4,1e-4,1e-4,5e-4,0.0035,0.0119,0.0195,0.0069,0,0.0014,0.0018,0,6e-4,0,0.006,0.0012,0.0031,1e-4,0,0,8e-4,0.0101,3e-4,0.0049,0,5e-4,0.0603,0.0448,0.013399999999999999,0.1203,0.08080000000000001,0.0179,0.0636,0.0889,0.31720000000000004,0.10439999999999999,0.055099999999999996,0.0327,0.109,0.025599999999999998,0.1035,0.059399999999999994,0.0666,0.0335,0.0621,0.0598,0.057999999999999996,0.2259,0.08209999999999999,0.1149
81,129270,123072,0.3224616484659386,0.6775383515340614,0.4683,0.5317,40.8,69225.9696969697,0.1303,0.8697,0.2019,0.7981,0.2115,0.2304,0.1298,0.12239999999999998,0.11470000000000001,0.1914,0.3241,0.1302,0.1781,0.0403,9e-4,0.0029,0.0555,0.0017,6e-4,2e-4,0.0081,0.2053,0.02,0.0319,0.0931,0.5828,0.3509,0.232,0.4172,0.3529,0.0642,0.3954,0.4266,0.0707,0.1074,0.17880000000000001,0.2286,0.1523,0.0518,0.1978,0.1908,0.7346,0.0548,0.2106,0.9068,0.6693000000000001,0.271,0.09330000000000001,0.521,0.1819,0.333,0.0065,0.0026,0.0071,0.0014,0.002,0.0011,8e-4,4e-4,0.006,0.0112,0.0018,0.0018,0.0038,8e-4,0.0025,0.0013,0.0033,0.0049,0.0085,0.012,0.0097,0.0025,0.0054,1e-4,0,4e-4,0,0.0014,0.0029,0.0095,0.0011,0,0,0.0033,0.0029,0.0062,0.0207,1e-4,0.1301,0.0012,5e-4,0.0024,1e-4,3e-4,3e-4,0,0,8e-4,0.0063,5e-4,5e-4,0.0016,2e-4,4e-4,9e-4,0.0014,0.0014,0.0054,0.0036,0.0052,0.0017,0.0039,1e-4,0,4e-4,0,0.001,7e-4,0.002,4e-4,0,0,0.002,0.0013,0.0012,0.0041,0,0.0018,0.0458,0.0263,0.0146,0.07289999999999999,0.051699999999999996,0.0286,0.0828,0.12179999999999999,0.35059999999999997,0.1041,0.057,0.042300000000000004,0.14700000000000002,0.0442,0.1526,0.07919999999999999,0.0663,0.0313,0.0601,0.0545,0.042300000000000004,0.1862,0.057,0.0793
82,135427,131321,0.5022349814576496,0.49776501854235045,0.4689,0.5311,41.372727272727275,69041.9375,0.0994,0.9006,0.1617,0.8383,0.18599999999999997,0.21430000000000002,0.1327,0.1367,0.13119999999999998,0.19920000000000002,0.2591,0.1542,0.2475,0.0349,3e-4,0.0045,0.0549,0.0018,5e-4,0,0.0063,0.1923,0.0141,0.0296,0.061,0.6063,0.3375,0.2688,0.3937,0.3623,0.0314,0.3886,0.4139,0.0829,0.11449999999999999,0.1651,0.2797,0.1796,0.1035,0.1637,0.1085,0.733,0.0502,0.2168,0.9145,0.7339,0.2419,0.08549999999999999,0.5736,0.1404,0.2847,0.003,0.0016,0.032,4e-4,0.0018,4e-4,5e-4,1e-4,0.007,0.0023,0.0032,0.0024,0.001,0,0,0,0.0012,0.0034,0.0192,0.0104,0.0079,2e-4,0.0018,6e-4,0,5e-4,0,0.0032,0.0018,0.0064,1e-4,0,4e-4,0.0011,0.003,6e-4,0.0239,1e-4,0.0825,0.0011,5e-4,0.0137,0,5e-4,2e-4,2e-4,0,0.0024,0.0016,0.0011,0.0014,5e-4,0,0,0,7e-4,7e-4,0.0097,0.0029,0.005,1e-4,0.0013,3e-4,0,3e-4,0,0.0022,0.0011,0.0014,0,0,4e-4,3e-4,0.0011,0,0.0072,0,0.002,0.0541,0.0296,0.0134,0.087,0.0689,0.0208,0.07830000000000001,0.0877,0.3548,0.0941,0.0422,0.0672,0.121,0.0238,0.12209999999999999,0.06369999999999999,0.065,0.0548,0.0511,0.0415,0.0402,0.2566,0.077,0.0834
83,134590,132427,0.4284096143535684,0.5715903856464316,0.4479,0.5521,37.081818181818186,57518.42424242424,0.17,0.83,0.2795,0.7205,0.2353,0.24659999999999999,0.1202,0.1293,0.12980000000000003,0.1387,0.0237,0.0745,0.6744,0.0481,0.0039,0.0068,0.0205,3e-4,0,1e-4,0.0116,0.1054,0.0104,0.0202,0.09639999999999999,0.7056,0.3105,0.3951,0.2944,0.2592,0.0351,0.4841,0.3729,0.0582,0.0849,0.20550000000000002,0.2989,0.18030000000000002,0.09,0.1457,0.0794,0.6834,0.0709,0.2457,0.8973,0.6138,0.35209999999999997,0.1028,0.7253,0.0876,0.1831,0.0124,0.0112,0.0022,0.0027,3e-4,0,0,0,2e-4,3e-4,4e-4,1e-4,3e-4,0,0,1e-4,2e-4,0.0015,0.0024,0.0026,0.0014,0,7e-4,0.0026,0,0,3e-4,6e-4,4e-4,0.0024,4e-4,0,2e-4,0,0.0011,0,0.0447,0,0.0615,0.0036,0.0021,6e-4,8e-4,0,0,0,0,0,3e-4,3e-4,1e-4,0,0,0,0,0,4e-4,0.0021,0.0014,8e-4,0,6e-4,6e-4,0,0,2e-4,2e-4,3e-4,0.0012,4e-4,0,0,0,6e-4,0,0.0095,0,1e-4,0.053500000000000006,0.0273,0.0132,0.10500000000000001,0.0867,0.0148,0.0536,0.0789,0.3932,0.0767,0.0514,0.0455,0.091,0.0215,0.1127,0.0723,0.1181,0.039,0.048,0.0558,0.047,0.2188,0.0688,0.10690000000000001
84,136933,133251,0.06427719116554473,0.9357228088344552,0.4818,0.5182,31.886206896551723,27258.5,0.3787,0.6213,0.4939,0.5061,0.2888,0.2757,0.1288,0.1284,0.0955,0.08290000000000002,0.0251,0.1265,0.2525,0.0589,9e-4,0.0058,0.0108,8e-4,8e-4,0.0015,0.0047,0.4735,0.0061,0.032,0.15779999999999997,0.6325,0.2161,0.4164,0.3675,0.3274,0.0402,0.5481,0.3238,0.0431,0.08510000000000001,0.3703000000000001,0.2817,0.1581,0.0627,0.0948,0.032299999999999995,0.6039,0.0748,0.3213,0.8316,0.3507,0.5295,0.1684,0.282,0.363,0.6451,0.0137,0.0014,4e-4,2e-4,2e-4,2e-4,0,0,0,0,2e-4,0,0,0,1e-4,0,2e-4,6e-4,0.0045,0.0031,0.0049,2e-4,1e-4,0,0,0,0,4e-4,6e-4,5e-4,1e-4,0,5e-4,0,0.0028,0,0.0339,0.0042,0.3326,0.0065,7e-4,0,0,0,0,0,0,0,0,0,0,0,0,0,0,0,4e-4,0.0024,4e-4,0.0042,1e-4,0,0,0,0,0,1e-4,3e-4,0,1e-4,0,2e-4,0,0.0019,0,0.0111,0.002,0.0023,0.0506,0.037500000000000006,0.0156,0.1085,0.0737,0.0123,0.0546,0.10120000000000001,0.2957,0.16090000000000002,0.059899999999999995,0.027200000000000002,0.0616,0.0118,0.0884,0.023899999999999998,0.11599999999999999,0.0387,0.1046,0.0929,0.0485,0.2097,0.0739,0.1301
85,120101,111507,0.1830199000959581,0.8169800999040419,0.4993,0.5007,33.625,34590.92592592593,0.2922,0.7078,0.4282,0.5718,0.25189999999999996,0.27699999999999997,0.12969999999999998,0.1239,0.10540000000000001,0.1122,0.0247,0.1735,0.3,0.0512,0.0035,0.0067,0.0165,9e-4,0,0,0.0032,0.3799,0.0065,0.0334,0.10420000000000001,0.6719,0.2318,0.44,0.3281,0.2896,0.0385,0.5607,0.30279999999999996,0.0519,0.0847,0.32970000000000005,0.28200000000000003,0.17470000000000002,0.0725,0.1028,0.0385,0.6115,0.0705,0.318,0.8578,0.4534,0.4788,0.1424,0.4211,0.2872,0.5355,0.008,0.003,7e-4,8e-4,0,0,1e-4,0,0,4e-4,1e-4,0,0,0,0,0,2e-4,3e-4,0.0017,9e-4,0.003,0.0016,0.0013,2e-4,0,0,0,0.0012,2e-4,2e-4,1e-4,0,0,0,0.0013,2e-4,0.0181,0,0.2671,0.0034,0.0011,4e-4,1e-4,0,0,0,0,0,2e-4,1e-4,0,0,0,0,0,1e-4,1e-4,7e-4,8e-4,0.0023,0.0011,6e-4,2e-4,0,0,0,9e-4,1e-4,0,1e-4,0,0,0,8e-4,2e-4,0.0068,0,3e-4,0.0563,0.0314,0.0172,0.1195,0.0861,0.008,0.061200000000000004,0.0811,0.3225,0.1199,0.0651,0.0316,0.0658,0.017,0.0901,0.039599999999999996,0.11059999999999999,0.04870000000000001,0.0829,0.0663,0.0513,0.2098,0.0763,0.1414
86,133201,129499,0.04971466961134835,0.9502853303886516,0.4683,0.5317,30.97241379310345,32485.44827586207,0.3141,0.6859,0.493,0.507,0.2874,0.28380000000000005,0.12090000000000001,0.13380000000000003,0.0903,0.08389999999999999,0.0115,0.121,0.2321,0.1112,0.0012,0.0039,0.0133,1e-4,0,8e-4,0.0059,0.4675,0.01,0.0213,0.18780000000000002,0.6937,0.2486,0.4451,0.3063,0.266,0.0403,0.49169999999999997,0.3762,0.0397,0.0923,0.3448,0.2908,0.1702,0.0733,0.089,0.0319,0.644,0.0826,0.2734,0.8474999999999999,0.3571,0.5362,0.1524,0.2579,0.3806,0.6535,0.0131,0.0036,3e-4,0,2e-4,0,0,0,0,5e-4,0,1e-4,0,1e-4,1e-4,0,8e-4,5e-4,0.0078,7e-4,4e-4,1e-4,3e-4,0,0,1e-4,0,1e-4,6e-4,0.0018,0,0,4e-4,1e-4,0.0032,0,0.0532,5e-4,0.3436,0.0069,0.0011,0,0,2e-4,0,0,0,0,0,0,1e-4,0,1e-4,0,0,0,1e-4,0.0049,2e-4,1e-4,1e-4,3e-4,0,0,0,0,0,1e-4,3e-4,0,0,2e-4,1e-4,0.0015,0,0.0203,4e-4,0.0015999999999999999,0.049,0.0375,0.0189,0.12090000000000001,0.0776,0.013999999999999999,0.0661,0.0736,0.3004,0.1514,0.0665,0.0225,0.0578,0.0136,0.0672,0.0284,0.1356,0.033600000000000005,0.097,0.1038,0.0547,0.1998,0.0606,0.1479
87,125051,123909,0.22976539234438176,0.7702346076556182,0.4789,0.5211,34.72592592592593,42507.40740740741,0.2316,0.7684,0.3437,0.6563,0.24170000000000003,0.26139999999999997,0.121,0.13720000000000002,0.1137,0.125,0.0379,0.1777,0.2677,0.0541,0.0022,0.0034,0.0995,0.0016,8e-4,5e-4,0.0094,0.303,0.0181,0.0241,0.1251,0.6637,0.3017,0.362,0.3363,0.2857,0.0507,0.4743,0.38680000000000003,0.0482,0.09079999999999999,0.2679,0.2801,0.1915,0.0759,0.124,0.06079999999999999,0.6664,0.0609,0.2726,0.8849,0.5305,0.4326,0.115,0.4054,0.2384,0.4776,0.0077,0.0014,0.0017,0.0013,2e-4,1e-4,2e-4,0,0,0,1e-4,0,8e-4,1e-4,2e-4,0,7e-4,0.0028,0.0463,0.0037,0.0076,3e-4,0.0012,6e-4,0,4e-4,0,0.0031,0.0022,0.0016,7e-4,0,0,0,0.0078,3e-4,0.0228,0.001,0.1857,0.0038,3e-4,6e-4,0,1e-4,1e-4,0,0,0,0,0,0,0,0,2e-4,0,0,0.0014,0.0246,0.0014,0.0047,2e-4,8e-4,5e-4,0,4e-4,0,0.002,8e-4,4e-4,0,0,0,0,0.0039,0,0.0056,9e-4,6e-4,0.053399999999999996,0.0329,0.0172,0.1047,0.09739999999999999,0.0215,0.0559,0.0887,0.3189,0.12109999999999999,0.0458,0.0419,0.0925,0.020200000000000003,0.09889999999999999,0.0366,0.0935,0.0467,0.0745,0.06609999999999999,0.0492,0.2234,0.0705,0.1281
