council,TotalPopulation,TotalHousingUnits,TotalHousingUnits_PercentOwned,TotalHousingUnits_PercentRented,Sex_Male,Sex_Female,MedianAge,MedianIncome,Poverty_BelowPovertyLevel,Poverty_AtOrAboveovertyLevel,SNAP_Recipient,SNAP_NotRecipient,Age_Under18,Age_18To34,Age_35To44,Age_45To54,Age_55To64,Age_Over65,Race_White_NotHispanic,Race_White_Hispanic,Race_Black_NotHispanic,Race_Black_Hispanic,Race_Amerind_NotHispanic,Race_Amerind_Hispanic,Race_Asian_NotHispanic,Race_Asian_Hispanic,Race_Pacific_NotHispanic,Race_Pacific_Hispanic,Race_Other_NotHispanic,Race_Other_Hispanic,Race_MoreThanOne_NotHispanic,Race_MoreThanOne_Hispanic,Occupancy_DoubledUp,HouseholdType_Family,HouseholdType_Family_Married,HouseholdType_Family_Other,HouseholdType_NonFamily,HouseholdType_NonFamily_LivingAlone,HouseholdType_NonFamily_NotLivingAlone,MaritalStatus_NeverMarried,MaritalStatus_NowMarried,MaritalStatus_Widowed,MaritalStatus_Divorced,Education_NoHighSchoolDiploma,Education_HighSchoolDiplomaOrGED,Education_SomeCollege,Education_Associates,Education_Bachelors,Education_AdvancedDegree,Employment_Employed,Employment_Unemployed,Employment_NotInLaborForce,HealthInsurance_Covered,HealthInsurance_Covered_Private,HealthInsurance_Covered_Public,HealthInsurance_NotCovered,Language_OnlyEnglish_Total,Language_LimitedEnglish_Total,Language_Spanish_Total,Language_French_Total,Language_FrenchCreole_Total,Language_Italian_Total,Language_Portuguese_Total,Language_German_Total,Language_Yiddish_Total,Language_OtherWestGermanic_Total,Language_Scandinavian_Total,Language_Greek_Total,Language_Russian_Total,Language_Polish_Total,Language_SerboCroatian_Total,Language_OtherSlavic_Total,Language_Armenian_Total,Language_Persian_Total,Language_Gujarati_Total,Language_Hindi_Total,Language_Urdu_Total,Language_OtherIndic_Total,Language_OtherIndoEuropean_Total,Language_Chinese_Total,Language_Japanese_Total,Language_Korean_Total,Language_Cambodian_Total,Language_Hmong_Total,Language_Thai_Total,Language_Laotian_Total,Language_Vietnamese_Total,Language_OtherAsian_Total,Language_Tagalog_Total,Language_OtherPacificIsland_Total,Language_Navajo_Total,Language_OtherNativeNorthAmerican_Total,Language_Hungarian_Total,Language_Arabic_Total,Language_Hebrew_Total,Language_AfricanLanguages_Total,Language_OtherAndUnspecifiedLanguages_Total,Language_Spanish_LimitedEnglish,Language_French_LimitedEnglish,Language_FrenchCreole_LimitedEnglish,Language_Italian_LimitedEnglish,Language_Portuguese_LimitedEnglish,Language_German_LimitedEnglish,Language_Yiddish_LimitedEnglish,Language_OtherWestGermanic_LimitedEnglish,Language_Scandinavian_LimitedEnglish,Language_Greek_LimitedEnglish,Language_Russian_LimitedEnglish,Language_Polish_LimitedEnglish,Language_SerboCroatian_LimitedEnglish,Language_OtherSlavic_LimitedEnglish,Language_Armenian_LimitedEnglish,Language_Persian_LimitedEnglish,Language_Gujarati_LimitedEnglish,Language_Hindi_LimitedEnglish,Language_Urdu_LimitedEnglish,Language_OtherIndic_LimitedEnglish,Language_OtherIndoEuropean_LimitedEnglish,Language_Chinese_LimitedEnglish,Language_Japanese_LimitedEnglish,Language_Korean_LimitedEnglish,Language_Cambodian_LimitedEnglish,Language_Hmong_LimitedEnglish,Language_Thai_LimitedEnglish,Language_Laotian_LimitedEnglish,Language_Vietnamese_LimitedEnglish,Language_OtherAsian_LimitedEnglish,Language_Tagalog_LimitedEnglish,Language_OtherPacificIsland_LimitedEnglish,Language_Navajo_LimitedEnglish,Language_OtherNativeNorthAmerican_LimitedEnglish,Language_Hungarian_LimitedEnglish,Language_Arabic_LimitedEnglish,Language_Hebrew_LimitedEnglish,Language_AfricanLanguages_LimitedEnglish,Language_OtherAndUnspecifiedLanguages_LimitedEnglish,Industry_AgricultureForestryFishingAndHuntingAndMining,Industry_Construction,Industry_Manufacturing,Industry_WholesaleTrade,Industry_RetailTrade,Industry_TransportationAndWarehousingAndUtilities,Industry_Information,Industry_FinanceAndInsuranceAndRealEstateAndRentalAndLeasing,Industry_ProfessionalScientificAndManagementAndAdministrativeAndWasteManagementServices,Industry_EducationalServicesAndHealthCareAndSocialAssistance,Industry_ArtsEntertainmentAndRecreationAndAccommodationAndFoodServices,Industry_OtherServicesExceptPublicAdministration,Industry_PublicAdministration,Occupation_ManagementBusinessAndFinancial,Occupation_ComputerEngineeringAndScience,Occupation_EducationLegalCommunityServiceArtsAndMedia,Occupation_HealthcarePractitionersAndTechnical,Occupation_HealthcareSupport,Occupation_ProtectiveService,Occupation_FoodPreparationAndServingRelated,Occupation_BuildingAndGroundsCleaningAndMaintenance,Occupation_PersonalCareAndService,Occupation_SalesAndOffice,Occupation_NaturalResourcesConstructionAndMaintenance,Occupation_ProductionTransportationAndMaterialMoving
1,172961,165137,0.23452042849270605,0.765479571507294,0.4858,0.5142,39.23529411764706,111684.41176470589,0.1271,0.8729,0.1601,0.8399,0.1346,0.3169,0.15410000000000001,0.1205,0.11030000000000001,0.1636,0.496,0.06,0.0392,0.0074,0.0032,0.0019,0.3136,0.0021,2e-4,0,0.0029,0.0343,0.028,0.0113,0.08729999999999999,0.4544,0.3454,0.109,0.5456,0.4199,0.1257,0.4537,0.426,0.051199999999999996,0.0692,0.18300000000000002,0.1012,0.066,0.0293,0.3529,0.26739999999999997,0.7706,0.0342,0.1953,0.9459000000000001,0.7956,0.1684,0.054099999999999995,0.5602,0.2192,0.0975,0.019,5e-4,0.0054,0.003,0.0046,0.002,8e-4,0.0027,0.001,0.0083,0.0017,5e-4,0.0013,2e-4,0.0019,0.0017,0.0057,0.0025,0.0041,0.0038,0.2348,0.0084,0.0098,2e-4,0,2e-4,2e-4,0.0016,0.0039,0.0023,8e-4,0,0,8e-4,0.0022,0.005,0.0012,5e-4,0.0295,0.0026,2e-4,9e-4,0.001,5e-4,1e-4,1e-4,1e-4,0,0.0024,2e-4,0,1e-4,0,0.001,2e-4,2e-4,8e-4,0.0015,5e-4,0.1676,0.0034,0.0024,2e-4,0,0,0,9e-4,8e-4,5e-4,1e-4,0,0,2e-4,2e-4,8e-4,0,2e-4,6.000000000000001e-4,0.0128,0.028999999999999998,0.020900000000000002,0.0722,0.0207,0.06029999999999999,0.2035,0.2429,0.1753,0.11000000000000001,0.031200000000000002,0.0207,0.3139,0.0776,0.1976,0.0404,0.0283,0.0121,0.0474,0.014,0.0216,0.1936,0.015700000000000002,0.0379
10,183088,179712,0.06949452457264957,0.9305054754273504,0.4765,0.5235,36.7,58371.153846153844,0.167,0.833,0.3202,0.6798,0.1807,0.30390000000000006,0.1368,0.12240000000000001,0.1099,0.1462,0.2047,0.1708,0.0628,0.0651,4e-4,0.0083,0.0291,0.0014,1e-4,5e-4,0.0037,0.3809,0.0133,0.0591,0.1203,0.5733,0.2777,0.2956,0.4267,0.3207,0.106,0.453,0.3755,0.048799999999999996,0.1227,0.26990000000000003,0.185,0.14079999999999998,0.052,0.2119,0.1404,0.7331,0.0586,0.2083,0.8871,0.5553,0.35960000000000003,0.1129,0.2822,0.374,0.6583,0.0048,0.0014,0.0022,0.001,0.0038,3e-4,4e-4,5e-4,0.0041,0.0078,0.0014,2e-4,7e-4,2e-4,5e-4,4e-4,2e-4,0,0.0016,0.0013,0.0056,0.0034,0.0029,0,0,1e-4,0,4e-4,7e-4,0.0027,2e-4,0,1e-4,0,0.0026,0.0049,0.0027,5e-4,0.3566,0.001,4e-4,9e-4,1e-4,3e-4,2e-4,1e-4,1e-4,0.0017,0.0038,4e-4,1e-4,3e-4,0,0,0,0,0,5e-4,1e-4,0.0025,0.0017,0.001,0,0,1e-4,0,0,3e-4,2e-4,0,0,0,0,7e-4,2e-4,6e-4,1e-4,2e-4,0.0329,0.0365,0.023600000000000003,0.091,0.046400000000000004,0.0383,0.0715,0.1137,0.2891,0.1658,0.0693,0.0216,0.1337,0.0406,0.16820000000000002,0.0398,0.061700000000000005,0.0201,0.0934,0.060700000000000004,0.0587,0.1787,0.043899999999999995,0.1007
11,156370,149832,0.2817488920924769,0.7182511079075231,0.4748,0.5252,39.95384615384615,65887.21052631579,0.1455,0.8545,0.2252,0.7748,0.21300000000000002,0.24339999999999998,0.13269999999999998,0.1267,0.11410000000000001,0.17020000000000002,0.2861,0.1335,0.1747,0.0362,2e-4,0.003,0.062,0.0014,3e-4,3e-4,0.0082,0.2452,0.0205,0.0283,0.107,0.5841,0.3417,0.2424,0.4159,0.3538,0.062,0.41200000000000003,0.4189,0.0658,0.1031,0.18210000000000004,0.2437,0.1598,0.0517,0.1899,0.17279999999999998,0.7259,0.058,0.2161,0.9003000000000001,0.6369,0.3024,0.09970000000000001,0.4983,0.2028,0.3492,0.0072,0.0021,0.0066,0.0013,0.0016,9e-4,7e-4,3e-4,0.0043,0.0092,0.002,0.0026,0.0039,7e-4,0.0022,0.0015,0.0029,0.0052,0.0205,0.0151,0.0092,0.0013,0.0067,2e-4,0,5e-4,0,0.001,0.0024,0.0052,3e-4,0,1e-4,0.0037,0.0079,0.0053,0.0177,1e-4,0.1399,0.0019,4e-4,0.0022,1e-4,2e-4,3e-4,0,0,3e-4,0.0051,9e-4,0.0011,0.002,2e-4,5e-4,7e-4,0.0012,0.0016,0.0126,0.0063,0.0052,7e-4,0.0048,0,0,4e-4,0,6e-4,6e-4,0.001,2e-4,0,0,0.002,0.0052,0.0012,0.0034,0,0.0019,0.0491,0.026,0.0157,0.0821,0.0588,0.0237,0.0791,0.1184,0.3358,0.1133,0.0596,0.0363,0.1365,0.041800000000000004,0.1445,0.0702,0.0651,0.0279,0.0672,0.061700000000000005,0.0409,0.1913,0.0596,0.09330000000000001
12,182164,178587,0.4445508351671734,0.5554491648328266,0.4459,0.5541,37.9875,57835.225,0.1433,0.8567,0.2379,0.7621,0.21430000000000002,0.23199999999999996,0.12610000000000002,0.13040000000000002,0.1303,0.16699999999999998,0.0348,0.0768,0.6482,0.0456,0.0032,0.0067,0.0246,4e-4,2e-4,1e-4,0.0098,0.1143,0.013,0.0224,0.0844,0.6542,0.2871,0.3672,0.3458,0.3155,0.0302,0.4596,0.369,0.0701,0.1013,0.193,0.2933,0.18239999999999998,0.0954,0.1548,0.0809,0.7039,0.0668,0.2293,0.8993999999999999,0.6446000000000001,0.32099999999999995,0.1006,0.6984,0.10010000000000001,0.2079,0.0108,0.0086,0.0021,0.002,6e-4,1e-4,0,0,6e-4,0.0013,5e-4,1e-4,2e-4,1e-4,0,1e-4,1e-4,0.0022,0.0029,0.003,0.0013,0,0.001,0.0021,0,0,2e-4,5e-4,3e-4,0.0029,3e-4,0,5e-4,0,0.001,0,0.0483,0,0.0714,0.0031,0.0019,7e-4,7e-4,3e-4,0,0,0,2e-4,0.0012,4e-4,1e-4,0,0,0,0,0,7e-4,0.0022,0.0013,7e-4,0,9e-4,5e-4,0,0,1e-4,2e-4,2e-4,0.0013,3e-4,0,3e-4,0,6e-4,0,0.0108,0,5e-4,0.0499,0.026099999999999998,0.0126,0.1024,0.07869999999999999,0.017099999999999997,0.0611,0.0816,0.3955,0.0732,0.0513,0.0499,0.09570000000000001,0.0169,0.1085,0.0722,0.1085,0.0475,0.0472,0.0542,0.0456,0.24169999999999997,0.06720000000000001,0.0946
13,164874,159902,0.4500631636877587,0.5499368363122412,0.4816,0.5184,40.63921568627451,68924.92,0.1212,0.8788,0.1902,0.8098,0.20400000000000001,0.2317,0.1376,0.1352,0.1224,0.1692,0.3155,0.1467,0.1352,0.0309,0.0014,0.005,0.0735,0.0026,4e-4,2e-4,0.008,0.239,0.0118,0.0298,0.0774,0.6623,0.3889,0.2734,0.3377,0.2971,0.0406,0.3997,0.4416,0.0672,0.09140000000000001,0.1856,0.282,0.1679,0.09,0.1602,0.1142,0.7205,0.0565,0.223,0.9021999999999999,0.6910999999999999,0.2713,0.0979,0.4872,0.1867,0.3252,0.0016,0.0024,0.0442,8e-4,0.0019,4e-4,4e-4,1e-4,0.0058,0.0035,0.0032,0.0036,0.0027,0,1e-4,1e-4,0.0024,0.0056,0.0136,0.0347,0.0123,3e-4,0.0015,0.0021,0,9e-4,0,0.0079,0.003,0.0104,3e-4,0,0,0.0013,0.0084,7e-4,0.0114,1e-4,0.1053,5e-4,4e-4,0.0172,3e-4,2e-4,2e-4,1e-4,0,0.0021,0.0019,0.0011,0.002,0.0016,0,0,1e-4,6e-4,0.0022,0.0065,0.0145,0.0083,1e-4,8e-4,0.001,0,6e-4,0,0.0058,0.0015,0.0026,1e-4,0,0,4e-4,0.0042,1e-4,0.0044,0,0.0017,0.0609,0.0426,0.0146,0.1018,0.0755,0.0196,0.0685,0.0863,0.3344,0.0963,0.045899999999999996,0.052099999999999994,0.12140000000000001,0.0305,0.122,0.0635,0.058499999999999996,0.0398,0.0498,0.0427,0.050600000000000006,0.23500000000000001,0.08399999999999999,0.1023
14,164977,161459,0.0615078750642578,0.9384921249357422,0.4632,0.5368,32.75,33892.32352941176,0.3063,0.6937,0.4664,0.5336,0.27040000000000003,0.2775,0.1255,0.1337,0.0975,0.09539999999999998,0.0249,0.1134,0.1911,0.0803,0.003,0.004,0.0183,4e-4,1e-4,0.0019,0.0067,0.5193,0.0092,0.0274,0.1723,0.681,0.2577,0.4233,0.319,0.2757,0.0433,0.4807,0.378,0.0378,0.10350000000000001,0.3265,0.2836,0.17259999999999998,0.0702,0.1058,0.0412,0.6572,0.0805,0.2623,0.856,0.3797,0.5302,0.14400000000000002,0.2503,0.3706,0.6629,0.0114,0.0038,4e-4,2e-4,3e-4,2e-4,8e-4,0,0.0018,6e-4,0,8e-4,1e-4,1e-4,1e-4,0,7e-4,6e-4,0.0075,0.0025,0.0026,0.0011,0.0012,0,0,1e-4,0,0.0032,0.0011,0.0063,5e-4,0,1e-4,3e-4,0.0036,0,0.0348,2e-4,0.3344,0.0048,0.0015,0,0,2e-4,1e-4,0,0,9e-4,4e-4,0,3e-4,0,0,0,0,0,5e-4,0.0042,0.0012,0.0018,7e-4,8e-4,0,0,0,0,0.0023,2e-4,0.0021,1e-4,0,0,1e-4,0.0022,0,0.0116,2e-4,0.0011,0.053099999999999994,0.036,0.0182,0.12159999999999999,0.0776,0.0115,0.06609999999999999,0.07730000000000001,0.2962,0.15109999999999998,0.06420000000000001,0.0262,0.062,0.0121,0.0736,0.025699999999999997,0.1246,0.0348,0.0982,0.0959,0.056600000000000004,0.20329999999999998,0.0679,0.1451
15,173288,166923,0.0904728527524667,0.9095271472475333,0.4693,0.5307,31.38684210526316,34143.36842105263,0.2995,0.7005,0.4764,0.5236,0.2769,0.2923,0.1154,0.1147,0.0997,0.10130000000000002,0.057,0.1387,0.2412,0.0796,0.0013,0.0029,0.0226,0.0015,3e-4,2e-4,0.0036,0.4167,0.0096,0.0249,0.1618,0.6407,0.2303,0.4104,0.3593,0.3119,0.0474,0.5272,0.3423,0.043800000000000006,0.0866,0.3348,0.2835,0.1748,0.0679,0.0972,0.0419,0.6257,0.0871,0.2872,0.8518,0.40459999999999996,0.4959,0.1482,0.3206,0.3091,0.5633,0.0123,0.0028,0.004,2e-4,1e-4,1e-4,3e-4,0,1e-4,0.0024,3e-4,0.0015,0.0016,1e-4,4e-4,1e-4,4e-4,0.0036,0.0053,0.0138,0.0014,2e-4,0.0019,0.0013,0,0,0,0.0019,0.0023,0.0018,0,0,3e-4,1e-4,0.0059,1e-4,0.0488,4e-4,0.2622,0.0064,5e-4,0.0014,1e-4,0,0,1e-4,0,0,0.0015,1e-4,5e-4,5e-4,1e-4,2e-4,1e-4,3e-4,9e-4,0.0028,0.0064,8e-4,2e-4,0.0015,9e-4,0,0,0,0.0015,4e-4,4e-4,0,0,1e-4,1e-4,0.0027,0,0.0161,3e-4,5e-4,0.053,0.0368,0.0178,0.13040000000000002,0.0746,0.0167,0.064,0.0788,0.3065,0.1353,0.06130000000000001,0.0245,0.0711,0.02,0.0737,0.0314,0.11220000000000001,0.037,0.0879,0.08910000000000001,0.0509,0.2157,0.0723,0.1388
16,164158,159710,0.0461210944837518,0.9538789055162482,0.467,0.533,31.184375,30293.064516129034,0.3471,0.6529,0.4879,0.5121,0.2917,0.27080000000000004,0.12400000000000001,0.1199,0.10629999999999999,0.0874,0.0148,0.1079,0.3332,0.0807,0.0035,0.0056,0.0102,5e-4,0,0.0023,0.0039,0.4016,0.0079,0.0279,0.1612,0.6697,0.234,0.4358,0.3303,0.2892,0.0411,0.5331,0.3438,0.0394,0.0837,0.33130000000000004,0.2916,0.181,0.068,0.0971,0.0311,0.6046,0.0825,0.3129,0.8553999999999999,0.3712,0.5483,0.1445,0.3217,0.3212,0.565,0.022,0.0055,5e-4,1e-4,0,1e-4,0,0,0,0,2e-4,0,0,0,1e-4,0,0,8e-4,0.0043,0.0013,0.0017,2e-4,0,0,0,0,0,2e-4,1e-4,0.0013,1e-4,0,2e-4,0,0.0019,0,0.0714,0.0014,0.2803,0.0108,7e-4,1e-4,1e-4,0,0,0,0,0,0,1e-4,0,0,0,0,0,0,5e-4,0.002,5e-4,9e-4,0,0,0,0,0,0,0,1e-4,0,0,0,2e-4,0,0.0012,0,0.0233,4e-4,0.0015,0.0453,0.0343,0.0174,0.1122,0.0879,0.0115,0.053,0.0944,0.3223,0.1358,0.0555,0.0287,0.0597,0.013600000000000001,0.0803,0.023600000000000003,0.1381,0.0453,0.0826,0.0959,0.0553,0.2029,0.0572,0.1456
17,167574,163353,0.10885015885842317,0.8911498411415768,0.4766,0.5234,32.582926829268295,28930.48780487805,0.3338,0.6662,0.4659,0.5341,0.2697,0.2762,0.11960000000000001,0.1237,0.10490000000000001,0.10590000000000001,0.0196,0.1151,0.2986,0.0743,0.0016,0.0066,0.0091,4e-4,0.0012,4e-4,0.003,0.432,0.0063,0.0318,0.1157,0.6318,0.2115,0.4203,0.3682,0.3315,0.0367,0.5411,0.3188,0.05109999999999999,0.0891,0.3337,0.2706,0.1785,0.0669,0.1122,0.0381,0.6175,0.0726,0.3099,0.8662999999999998,0.397,0.5356000000000001,0.13369999999999999,0.3493,0.2971,0.5798,0.0173,0.0018,1e-4,6e-4,4e-4,0,2e-4,0,1e-4,1e-4,2e-4,0,2e-4,0,0,0,6e-4,0,0.0038,0.0013,0.0051,0.0017,5e-4,2e-4,0,3e-4,0,7e-4,1e-4,3e-4,1e-4,0,1e-4,0,0.0027,1e-4,0.0314,0.0012,0.2652,0.0055,6e-4,0,0,3e-4,0,1e-4,0,0,1e-4,0,0,0,0,0,0,2e-4,0,0.002,1e-4,0.0041,0.0012,2e-4,1e-4,0,1e-4,0,3e-4,0,3e-4,1e-4,0,0,0,0.0026,0,0.0133,7e-4,2e-4,0.043,0.0291,0.0247,0.1208,0.0852,0.012799999999999999,0.061,0.0955,0.3164,0.12060000000000001,0.057300000000000004,0.0334,0.0681,0.012400000000000001,0.0929,0.0254,0.1243,0.048799999999999996,0.07669999999999999,0.0769,0.0521,0.2243,0.061,0.137
18,170312,168802,0.24617599317543631,0.7538240068245637,0.4769,0.5231,34.81944444444444,43597.36111111111,0.236,0.764,0.3446,0.6554,0.2509,0.2581,0.1238,0.1288,0.1119,0.12639999999999998,0.0308,0.1928,0.2745,0.0492,0.0035,0.0034,0.085,0.0016,0,1e-4,0.0072,0.3076,0.0161,0.0281,0.1202,0.6673,0.2983,0.369,0.3327,0.2864,0.0464,0.4788,0.378,0.0527,0.09040000000000001,0.2683,0.2817,0.1835,0.0829,0.1243,0.0593,0.6503,0.0619,0.2877,0.8771,0.5332,0.4231,0.12290000000000001,0.426,0.2471,0.4731,0.0062,0.0023,0.0015,9e-4,0,3e-4,3e-4,0,0,2e-4,1e-4,0,6e-4,1e-4,2e-4,0,0.001,0.0021,0.0387,0.0019,0.0062,3e-4,0.0017,5e-4,0,5e-4,0,0.0028,0.002,0.0013,5e-4,0,0,0,0.0048,3e-4,0.0233,5e-4,0.2019,0.003,6e-4,7e-4,0,0,2e-4,0,0,0,0,0,0,0,0,2e-4,0,3e-4,0.001,0.0203,9e-4,0.004,1e-4,9e-4,3e-4,0,5e-4,0,0.0019,9e-4,3e-4,0,0,0,0,0.0021,1e-4,0.0064,5e-4,4e-4,0.0594,0.0347,0.0148,0.1053,0.0932,0.0168,0.056600000000000004,0.0832,0.3242,0.1199,0.0489,0.0421,0.08879999999999999,0.019200000000000002,0.09659999999999999,0.0428,0.0942,0.0468,0.0776,0.06509999999999999,0.0454,0.2142,0.07809999999999999,0.1312
19,157265,155779,0.666264387369286,0.33373561263071405,0.4807,0.5193,45.39375,82537.10416666667,0.0599,0.9401,0.0688,0.9312,0.18739999999999998,0.18359999999999999,0.1294,0.1399,0.1435,0.21600000000000003,0.4386,0.0789,0.0143,0.0031,0.001,7e-4,0.3505,0.0015,6e-4,0,0.005,0.081,0.0147,0.0101,0.037599999999999995,0.7014,0.552,0.1495,0.2986,0.2617,0.0369,0.2802,0.5693999999999999,0.07980000000000001,0.0706,0.1519,0.2391,0.1436,0.0901,0.2198,0.1555,0.7418,0.035,0.2232,0.8969,0.7515000000000001,0.1688,0.1031,0.4266,0.2948,0.1437,0.0021,1e-4,0.0408,0.002,0.0027,8e-4,1e-4,3e-4,0.0483,0.0056,0.0054,0.013,0.0044,0.0053,0.0064,0.001,0.0032,0.0021,0.0043,0.0097,0.1441,0.0038,0.1022,1e-4,0,8e-4,0,0.0015,0.0042,0.0074,3e-4,0,0,0.0014,0.0043,0.0021,2e-4,1e-4,0.0628,4e-4,1e-4,0.0151,6e-4,9e-4,3e-4,1e-4,0,0.0153,0.0021,0.0011,0.0047,0.0013,0.0018,0.0027,4e-4,0.0019,5e-4,0.0023,0.0048,0.0949,0.0019,0.0703,1e-4,0,4e-4,0,0.001,0.0024,0.002,1e-4,0,0,1e-4,0.0017,6e-4,1e-4,0,0.0012,0.0723,0.0453,0.0345,0.0949,0.0674,0.0265,0.1012,0.1202,0.2346,0.0905,0.0693,0.0421,0.1777,0.0519,0.1275,0.0632,0.0295,0.020900000000000002,0.0528,0.030199999999999998,0.0413,0.24780000000000002,0.0699,0.0871
2,161402,147966,0.23516889015043996,0.76483110984956,0.4816,0.5184,35.22857142857143,95595.07142857143,0.1466,0.8534,0.1431,0.8569,0.09490000000000001,0.41939999999999994,0.1331,0.10529999999999999,0.1051,0.1421,0.5366,0.0963,0.0823,0.0076,9e-4,0.0011,0.1647,0.0017,5e-4,0,0.0033,0.0772,0.0195,0.0084,0.0434,0.3134,0.2073,0.1061,0.6866,0.5432,0.1434,0.6094,0.2828,0.044,0.06359999999999999,0.10400000000000001,0.1259,0.0906,0.0374,0.3707,0.27130000000000004,0.7291,0.0324,0.2385,0.9484999999999999,0.8046000000000001,0.1642,0.051500000000000004,0.6378,0.1326,0.1683,0.0163,3e-4,0.0048,0.0038,0.0061,7e-4,0.0012,0.0026,0.002,0.0054,0.0068,6e-4,0.0041,1e-4,0.001,8e-4,0.0054,9e-4,0.0045,0.0033,0.0781,0.0113,0.0107,1e-4,0,3e-4,1e-4,0.001,0.0042,0.003,0.0016,0,0,0.001,0.0035,0.0065,0.0017,0,0.0581,0.0019,0,3e-4,0.001,9e-4,4e-4,0,3e-4,6e-4,0.0022,0.0023,3e-4,0.001,0,1e-4,0,5e-4,0,0.0013,0.0011,0.0477,0.0063,0.0027,0,0,0,0,1e-4,4e-4,4e-4,8e-4,0,0,0,0.0012,6e-4,1e-4,0,9e-4,0.0164,0.025500000000000002,0.0125,0.0619,0.0225,0.0802,0.18760000000000002,0.251,0.1947,0.0913,0.0366,0.0191,0.3176,0.0799,0.21760000000000002,0.048799999999999996,0.0261,0.007599999999999999,0.0296,0.018799999999999997,0.0312,0.18180000000000002,0.0167,0.0242
20,149253,147508,0.3852807983295821,0.6147192016704178,0.4719,0.5281,43.72894736842105,51644.31578947369,0.177,0.823,0.1681,0.8319,0.1664,0.2181,0.128,0.1597,0.139,0.1888,0.1116,0.053,0.0253,0.0046,0.0029,9e-4,0.6869,0.0018,3e-4,1e-4,0.0025,0.0829,0.0142,0.0128,0.13290000000000002,0.715,0.5094,0.2056,0.285,0.2261,0.0589,0.29000000000000004,0.5706,0.0724,0.06709999999999999,0.2848,0.2891,0.107,0.098,0.1384,0.08259999999999999,0.6993,0.0248,0.2759,0.7623,0.51,0.2743,0.2377,0.1742,0.6061,0.1353,0.0026,0.0022,0.0078,0.001,0.0012,4e-4,1e-4,0,0.0104,0.0068,0.003,0.001,4e-4,0.001,0.0023,0.0077,0.011,0.0129,0.0258,0.0064,0.4561,0.0019,0.0986,1e-4,0,9e-4,4e-4,0.0024,0.0078,0.0139,0.0012,0,0,5e-4,0.002,5e-4,4e-4,1e-4,0.0811,5e-4,8e-4,0.0032,4e-4,1e-4,0,0,0,0.0036,0.0051,0.0013,7e-4,2e-4,5e-4,8e-4,0.0039,0.0056,0.0056,0.0162,0.0041,0.3779,0.0014,0.0795,1e-4,0,6e-4,3e-4,0.0016,0.0039,0.0052,3e-4,0,0,2e-4,0.0013,0,1e-4,0,0.0012000000000000001,0.06709999999999999,0.041999999999999996,0.026,0.1052,0.06770000000000001,0.0206,0.0744,0.0907,0.2106,0.15539999999999998,0.1145,0.024599999999999997,0.1042,0.0428,0.0823,0.0538,0.0611,0.0162,0.1018,0.0436,0.0834,0.2187,0.0777,0.1143
21,142045,140634,0.23436722271996815,0.7656327772800319,0.5185,0.4815,34.70333333333333,55720.8,0.1548,0.8452,0.2832,0.7168,0.2601,0.26130000000000003,0.1617,0.1228,0.09430000000000001,0.1,0.0382,0.3059,0.0892,0.0188,7e-4,0.0062,0.12,0.005,0,1e-4,0.0034,0.3856,0.0068,0.0202,0.2552,0.7669,0.4303,0.3366,0.2331,0.1686,0.0645,0.4464,0.434,0.0474,0.0722,0.34340000000000004,0.3481,0.11560000000000001,0.0618,0.0987,0.032299999999999995,0.7478,0.0328,0.2194,0.6683,0.4072,0.3339,0.3317,0.1582,0.5086999999999999,0.6987,0.0071,0.0072,0.0023,0.0013,3e-4,0,2e-4,0,0.0016,0.0071,0.0029,3e-4,3e-4,6e-4,0.0013,6e-4,0.0023,0.0097,0.0192,0.0014,0.0489,1e-4,0.0028,0,0,0,1e-4,0,0.0026,0.0053,7e-4,0,0,2e-4,0.0034,2e-4,0.0129,2e-4,0.4306,0.0029,0.0019,9e-4,8e-4,1e-4,0,0,0,9e-4,0.0045,0.0016,2e-4,1e-4,3e-4,6e-4,2e-4,0.0012,0.0027,0.0101,1e-4,0.0376,1e-4,0.0017,0,0,0,0,0,0.0017,0.0019,6e-4,0,0,1e-4,7e-4,1e-4,0.0043,2e-4,0.0015,0.1546,0.0465,0.0179,0.1139,0.07440000000000001,0.013600000000000001,0.033299999999999996,0.0789,0.145,0.21059999999999998,0.0901,0.02,0.050499999999999996,0.013,0.044,0.0192,0.0463,0.0174,0.1613,0.0878,0.0605,0.1719,0.16599999999999998,0.1623
22,136599,128928,0.28359239265326386,0.7164076073467361,0.5149,0.4851,35.92790697674418,75635.02380952382,0.0843,0.9157,0.1028,0.8972,0.1394,0.3515,0.1572,0.11779999999999999,0.1026,0.1313,0.5164,0.142,0.0627,0.0077,9e-4,0.0018,0.1408,0.001,0,1e-4,0.0029,0.0907,0.0211,0.012,0.066,0.4979,0.366,0.1319,0.5021,0.3412,0.1608,0.4701,0.41759999999999997,0.0491,0.06309999999999999,0.1419,0.2273,0.1027,0.06,0.3048,0.1632,0.7952,0.0357,0.1691,0.9081,0.7284,0.2122,0.0918,0.4262,0.2449,0.2369,0.0096,9e-4,0.0211,0.0147,0.0038,5e-4,0.0011,2e-4,0.0784,0.0051,0.004,0.0178,0.0078,0.001,5e-4,0.001,0.0039,0.0099,0.0398,0.0181,0.0199,0.0076,0.0121,6e-4,0,0.0035,3e-4,0.0021,0.0085,0.0115,0.0011,0,0,0.0021,0.0249,0.0016,0.0014,2e-4,0.1173,0.002,6e-4,0.007,0.0059,6e-4,2e-4,3e-4,0,0.0267,0.0019,0.0011,0.008,0.002,2e-4,2e-4,1e-4,0.001,0.003,0.0175,0.0069,0.0115,0.0034,0.0063,6e-4,0,0.0026,0,0.0014,0.0034,0.0021,6e-4,0,0,0.001,0.0091,1e-4,3e-4,0,0.001,0.0523,0.0281,0.0196,0.0887,0.0572,0.0615,0.08940000000000001,0.1629,0.20199999999999999,0.1528,0.055,0.0294,0.2067,0.07,0.1872,0.0428,0.018000000000000002,0.0156,0.0717,0.0398,0.036699999999999997,0.19090000000000001,0.0525,0.06810000000000001
23,161944,159742,0.7007549673849082,0.29924503261509183,0.4855,0.5145,45.13170731707317,85759.41463414633,0.0604,0.9396,0.0807,0.9193,0.1883,0.2011,0.1191,0.1425,0.1567,0.19219999999999998,0.2644,0.0737,0.1069,0.0063,0.0048,0.002,0.4118,0.0017,3e-4,3e-4,0.0265,0.0564,0.0344,0.0105,0.0506,0.719,0.5525,0.1665,0.281,0.2466,0.0343,0.2969,0.5623,0.0672,0.0736,0.1173,0.2501,0.154,0.0861,0.2343,0.158,0.745,0.0405,0.2145,0.9079,0.7366,0.19379999999999997,0.092,0.4784,0.23399999999999999,0.109,0.0054,0.0196,0.008,0.0019,0.002,0.0014,1e-4,8e-4,0.0128,0.0094,0.0027,0.002,0.0018,0.0018,0.0031,0.0095,0.0236,0.0193,0.0577,0.0049,0.104,8e-4,0.058,0,0,0.0013,1e-4,6e-4,0.0243,0.0234,2e-4,0,2e-4,0.0014,0.0032,0.0051,0.0021,0,0.0467,0.0021,0.0056,0.0028,8e-4,2e-4,1e-4,0,3e-4,0.0051,0.0032,4e-4,3e-4,7e-4,8e-4,0.0014,0.0045,0.0089,0.0068,0.0239,0.0028,0.059,3e-4,0.0375,0,0,4e-4,1e-4,3e-4,0.0102,0.0064,0,0,1e-4,3e-4,0.001,5e-4,5e-4,0,0.0014,0.0509,0.0296,0.0312,0.1051,0.09509999999999999,0.0233,0.0985,0.1019,0.2842,0.0713,0.0537,0.0536,0.1543,0.0514,0.1056,0.09459999999999999,0.046599999999999996,0.0323,0.0359,0.0296,0.0317,0.24830000000000002,0.0636,0.106
24,162987,156278,0.4444323577214963,0.5555676422785036,0.4824,0.5176,37.9175,71121.35,0.1153,0.8847,0.1447,0.8553,0.21980000000000002,0.25800000000000006,0.1258,0.11599999999999999,0.1291,0.1513,0.2683,0.0768,0.1172,0.0109,0.0028,0.0024,0.3293,0.0021,5e-4,3e-4,0.0152,0.1337,0.0269,0.0136,0.12,0.6946,0.4908,0.2038,0.3054,0.2553,0.0501,0.3664,0.5142,0.0588,0.0605,0.1686,0.2277,0.1466,0.0836,0.2334,0.1401,0.71,0.0553,0.2348,0.8792000000000001,0.6163000000000001,0.2859,0.12079999999999999,0.3759,0.3025,0.1855,0.0095,0.0085,0.0043,0.0021,0.0022,0.0029,2e-4,0,0.0072,0.0533,0.0053,0.0025,0.0016,2e-4,0.0063,0.0034,0.0116,0.0225,0.0928,0.0079,0.1083,7e-4,0.0082,8e-4,0,4e-4,0,0.0015,0.0055,0.025,0.0028,0,3e-4,0.0012,0.0113,0.0232,0.0049,1e-4,0.0956,0.0023,0.0031,0.0012,6e-4,3e-4,8e-4,0,0,0.0028,0.0229,0.0024,0.0011,4e-4,0,0.003,8e-4,0.0044,0.0097,0.0503,0.0028,0.0726,5e-4,0.0047,4e-4,0,4e-4,0,7e-4,0.0019,0.0055,9e-4,0,3e-4,8e-4,0.0048,0.0031,0.0013,1e-4,6.000000000000001e-4,0.07769999999999999,0.0359,0.025500000000000002,0.1062,0.0789,0.018500000000000003,0.0763,0.0959,0.268,0.102,0.0694,0.0451,0.1312,0.0514,0.10880000000000001,0.0731,0.0433,0.0236,0.058,0.0406,0.0511,0.2314,0.08020000000000001,0.1073
25,173108,172296,0.33613084459302595,0.663869155406974,0.4992,0.5008,39.358823529411765,58075.58823529412,0.1068,0.8932,0.1513,0.8487,0.18920000000000003,0.23829999999999998,0.1574,0.1414,0.12480000000000001,0.149,0.1156,0.208,0.0174,0.0049,0.0021,0.0037,0.3788,0.002,0,5e-4,0.0034,0.2329,0.0154,0.0153,0.16760000000000003,0.6601,0.4392,0.2209,0.3399,0.2537,0.0862,0.3811,0.4897,0.050800000000000005,0.07830000000000001,0.22149999999999997,0.325,0.10550000000000001,0.0695,0.1875,0.0907,0.7619,0.0339,0.2042,0.8114,0.5239,0.3401,0.1886,0.1548,0.4984,0.4361,0.0047,0.0015,0.0022,0.0038,9e-4,2e-4,6e-4,5e-4,0.0064,0.0068,0.0037,0.0019,0.0017,2e-4,8e-4,0.0052,0.0161,0.0132,0.0916,0.0022,0.1343,0.0031,0.0165,3e-4,0,0.0094,0,0.0018,0.0213,0.0391,0.0085,0,9e-4,3e-4,0.0062,7e-4,0.001,0.0014,0.2572,0.001,7e-4,0.0011,0.0023,2e-4,0,0,0,0.002,0.0037,0.0018,2e-4,0.0011,0,4e-4,0.0032,0.0076,0.0072,0.0524,0.0011,0.0945,0.0014,0.0113,0,0,0.0061,0,0.0014,0.0138,0.0167,0.0054,0,7e-4,1e-4,0.0024,7e-4,2e-4,5e-4,0.0013,0.07780000000000001,0.0346,0.0226,0.10139999999999999,0.0933,0.0195,0.0664,0.1184,0.1768,0.1815,0.0812,0.0254,0.10389999999999999,0.0371,0.0807,0.039400000000000004,0.042300000000000004,0.0211,0.12040000000000001,0.08449999999999999,0.0492,0.1999,0.0819,0.1397
26,157917,156713,0.22192160190922258,0.7780783980907774,0.5002,0.4998,37.86086956521739,67294.64444444445,0.0991,0.9009,0.1156,0.8844,0.1643,0.2849,0.18419999999999997,0.1291,0.10590000000000001,0.1314,0.311,0.1835,0.0545,0.0096,0.0015,0.003,0.2915,0.0021,7e-4,1e-4,0.0065,0.0972,0.0234,0.0153,0.1024,0.5354,0.3734,0.1619,0.4646,0.3462,0.1185,0.4334,0.4494,0.050199999999999995,0.0671,0.15539999999999998,0.25770000000000004,0.09999999999999999,0.0646,0.2625,0.1596,0.774,0.0392,0.1868,0.8886000000000001,0.6549999999999999,0.2602,0.1114,0.3299,0.3496,0.3102,0.0064,6e-4,0.0073,0.0099,0.004,1e-4,6e-4,0.0013,0.0092,0.0066,0.0079,0.0077,0.005,0.0051,0.001,0.0016,0.0133,0.0044,0.0812,0.0142,0.058,0.0101,0.0243,1e-4,0,0.0036,0,0.0021,0.0245,0.0293,0.005,0,7e-4,0.0013,0.0094,0.0028,7e-4,5e-4,0.1696,0.0014,3e-4,0.0017,0.0042,5e-4,0,1e-4,0,0.0035,0.0022,0.0035,0.004,0.002,0.0018,3e-4,0.001,0.0058,0.0025,0.046,0.0064,0.0341,0.006,0.0159,1e-4,0,0.0025,0,0.0013,0.0143,0.0094,0.0033,0,0,7e-4,0.005,0,1e-4,1e-4,0.0021,0.0529,0.0364,0.0193,0.09129999999999999,0.0766,0.0442,0.093,0.1673,0.1874,0.1418,0.0533,0.0342,0.1884,0.0625,0.1384,0.0485,0.027399999999999997,0.016300000000000002,0.0794,0.04870000000000001,0.0411,0.1837,0.0538,0.11159999999999999
27,166658,164945,0.6907878383703658,0.3092121616296341,0.4678,0.5322,41.056060606060605,82619.04615384615,0.0715,0.9285,0.1595,0.8405,0.20490000000000003,0.2374,0.1209,0.1408,0.1441,0.152,0.018,0.0245,0.6924,0.0178,0.0042,5e-4,0.0984,2e-4,8e-4,0,0.0383,0.0763,0.022,0.0066,0.0802,0.766,0.4182,0.3478,0.234,0.1949,0.0391,0.4411,0.4154,0.06029999999999999,0.0832,0.15600000000000003,0.3012,0.2058,0.0866,0.1674,0.08299999999999999,0.7314,0.0621,0.2065,0.8879,0.6455,0.2665,0.1121,0.7246,0.1244,0.1083,0.016,0.0707,4e-4,0.0015,4e-4,1e-4,3e-4,0,5e-4,5e-4,2e-4,1e-4,0,0,1e-4,9e-4,0.0012,0.0037,0.0377,0.0013,0.0033,0,8e-4,0,0,0,0,0.0011,0.0012,0.0079,5e-4,0,2e-4,0,0.0019,0.0013,0.0122,8e-4,0.0531,0.0048,0.0274,2e-4,5e-4,1e-4,0,0,0,3e-4,3e-4,1e-4,0,0,0,1e-4,2e-4,3e-4,0.0016,0.0229,3e-4,0.0021,0,5e-4,0,0,0,0,7e-4,8e-4,0.0025,0,0,1e-4,0,7e-4,0.0011,0.0034,3e-4,8e-4,0.0562,0.0229,0.0108,0.0989,0.11679999999999999,0.0235,0.057800000000000004,0.08230000000000001,0.34319999999999995,0.0781,0.040499999999999994,0.0681,0.0985,0.0293,0.1017,0.0684,0.1036,0.0548,0.0424,0.0503,0.038,0.2136,0.0755,0.1239
28,184748,183578,0.5946191809476081,0.40538081905239187,0.4814,0.5186,38.0311475409836,72929.24590163934,0.0865,0.9135,0.1812,0.8188,0.20759999999999998,0.2536,0.125,0.1507,0.1349,0.12840000000000001,0.0333,0.0619,0.4064,0.0154,0.0047,0.001,0.213,0.0015,8e-4,0,0.1088,0.1019,0.0416,0.0097,0.08349999999999999,0.7707,0.4451,0.3256,0.2293,0.1946,0.0346,0.41879999999999995,0.44730000000000003,0.059000000000000004,0.0749,0.22899999999999998,0.3275,0.1777,0.0683,0.1419,0.0557,0.7024,0.0603,0.2373,0.8878,0.5848,0.33009999999999995,0.1121,0.708,0.1177,0.1587,0.0042,0.0134,0.0019,9e-4,3e-4,1e-4,0.0013,1e-4,4e-4,9e-4,3e-4,0,3e-4,0,5e-4,3e-4,0.0088,0.0068,0.0585,0.0024,0.0075,5e-4,3e-4,1e-4,0,2e-4,0,5e-4,0.0042,0.0041,3e-4,0,0,0,0.0032,0,0.01,0.001,0.0613,0.001,0.0053,9e-4,4e-4,1e-4,0,1e-4,1e-4,1e-4,6e-4,1e-4,0,2e-4,0,2e-4,1e-4,0.0033,0.003,0.0289,4e-4,0.0038,4e-4,2e-4,0,0,1e-4,0,2e-4,0.0014,0.001,0,0,0,0,7e-4,0,0.0037,1e-4,0.0011,0.0825,0.0317,0.0182,0.1127,0.135,0.0167,0.0617,0.0843,0.2736,0.07719999999999999,0.051199999999999996,0.0543,0.09079999999999999,0.0283,0.0811,0.0473,0.08360000000000001,0.0468,0.0406,0.0499,0.0427,0.23570000000000002,0.1075,0.1457
29,158628,157230,0.46160401958913694,0.5383959804108631,0.4732,0.5268,42.03260869565217,79483.67391304347,0.0813,0.9187,0.0988,0.9012,0.1841,0.21300000000000002,0.14559999999999998,0.13,0.1398,0.1878,0.4375,0.1206,0.0397,0.0047,0.002,0.0014,0.2761,0.0012,1e-4,0,0.0062,0.06,0.0385,0.0119,0.08479999999999999,0.5688,0.4306,0.1382,0.43120000000000003,0.3728,0.0583,0.3166,0.5279,0.0662,0.08940000000000001,0.0912,0.18,0.12819999999999998,0.0715,0.2925,0.23690000000000003,0.7705,0.0322,0.1973,0.9135,0.7535000000000001,0.1792,0.0865,0.4003,0.2553,0.1568,0.0087,0.0049,0.0057,0.0034,0.0049,0.0017,4e-4,3e-4,0.0018,0.1224,0.0118,0.0029,0.0048,0.0024,0.0098,0.0037,0.028,0.0124,0.0272,0.0128,0.0978,0.0085,0.0077,1e-4,0,0.0012,0,9e-4,0.007,0.0098,0.0054,0,5e-4,0.0044,0.0066,0.0168,0.0023,0.0039,0.06,0.0013,9e-4,0.0014,7e-4,7e-4,4e-4,0,0,5e-4,0.0656,0.0056,4e-4,0.0026,0.0014,0.005,0.0017,0.0078,0.0038,0.0106,0.0044,0.053,0.0035,0.0041,0,0,8e-4,0,5e-4,0.0027,0.0025,0.003,0,0,0.0012,0.0025,0.004,4e-4,0.0023,0.0011,0.0435,0.0342,0.0281,0.0797,0.0638,0.0326,0.1217,0.16720000000000002,0.25980000000000003,0.0716,0.0537,0.0431,0.22199999999999998,0.0769,0.1477,0.0744,0.0366,0.0168,0.0337,0.032,0.0368,0.2022,0.046,0.0749
3,167427,162561,0.2966455668948887,0.7033544331051114,0.5228,0.4772,39.24411764705882,126541.23529411765,0.0496,0.9504,0.0708,0.9292,0.0827,0.3512,0.1648,0.1282,0.1312,0.14200000000000002,0.6499,0.0929,0.0439,0.0049,7e-4,0.0027,0.136,6e-4,2e-4,1e-4,0.0063,0.027,0.0267,0.008,0.0396,0.2815,0.2225,0.059,0.7185,0.5715,0.147,0.5613,0.322,0.03,0.08679999999999999,0.04510000000000001,0.0708,0.0771,0.0336,0.4141,0.3592,0.8197,0.0363,0.1439,0.9564999999999999,0.8681,0.1033,0.043399999999999994,0.7145,0.0775,0.0963,0.0239,5e-4,0.0106,0.0054,0.0082,5e-4,0.0021,0.0029,0.0037,0.0099,0.0034,0.0014,9e-4,7e-4,0.0013,0.0013,0.0061,9e-4,0.0022,0.0015,0.0414,0.009,0.0134,0,0,0.001,0,0.0025,0.0048,0.0032,4e-4,0,0,0.0017,0.0036,0.0086,0.0115,5e-4,0.0305,0.0016,0,0.0025,0.0013,6e-4,0,0,2e-4,3e-4,0.0032,0.001,2e-4,1e-4,0,3e-4,0,5e-4,1e-4,6e-4,2e-4,0.0183,0.0051,0.0052,0,0,4e-4,0,8e-4,8e-4,0.001,1e-4,0,0,1e-4,5e-4,1e-4,0.0018,1e-4,9e-4,0.0108,0.026299999999999997,0.022,0.0706,0.015600000000000001,0.08779999999999999,0.2057,0.25570000000000004,0.1506,0.09670000000000001,0.0361,0.020900000000000002,0.3702,0.08030000000000001,0.21989999999999998,0.0375,0.0115,0.0081,0.0268,0.0138,0.0179,0.18309999999999998,0.0093,0.021500000000000002
30,167761,167413,0.4936653664888629,0.5063346335111372,0.488,0.512,39.55438596491228,78928.77192982456,0.0691,0.9309,0.0834,0.9166,0.22139999999999999,0.22419999999999998,0.1474,0.1485,0.1256,0.1326,0.5229,0.2297,0.013,0.0076,9e-4,0.0022,0.0966,7e-4,0,2e-4,0.0033,0.0922,0.0111,0.0198,0.0544,0.7247,0.5103,0.2145,0.2753,0.2117,0.0636,0.35660000000000003,0.516,0.059000000000000004,0.0683,0.14340000000000003,0.32120000000000004,0.16449999999999998,0.081,0.189,0.10079999999999999,0.7497,0.0355,0.2148,0.8810999999999999,0.692,0.2168,0.11889999999999999,0.479,0.2243,0.2301,0.0039,6e-4,0.0312,0.0014,0.0106,4e-4,2e-4,4e-4,0.0049,0.0059,0.0925,0.0081,0.0079,0.002,1e-4,4e-4,0.0015,0.0018,0.0088,0.0258,0.0494,4e-4,0.0041,1e-4,0,7e-4,0,0.0023,0.0026,0.0081,0.0016,0,0,0.0017,0.0111,1e-4,2e-4,2e-4,0.0863,9e-4,1e-4,0.0142,6e-4,0.0032,0,1e-4,0,0.0017,0.0033,0.0424,0.0036,0.0036,4e-4,1e-4,1e-4,6e-4,0.0011,0.0027,0.0115,0.0332,2e-4,0.0025,0,0,3e-4,0,0.0019,0.0011,0.0026,6e-4,0,0,8e-4,0.0045,1e-4,0,0,0.0012000000000000001,0.1139,0.0441,0.027999999999999997,0.0771,0.0788,0.0231,0.08049999999999999,0.1154,0.22610000000000002,0.11069999999999999,0.0596,0.0413,0.127,0.0387,0.1175,0.0419,0.035,0.030600000000000002,0.0597,0.060200000000000004,0.044,0.2141,0.1174,0.114
31,175829,170631,0.5004717782817893,0.49952822171821065,0.4613,0.5387,37.47631578947368,76210.76315789473,0.1227,0.8773,0.2549,0.7451,0.261,0.232,0.119,0.12730000000000002,0.1217,0.13870000000000002,0.1154,0.0825,0.651,0.0261,0.0017,0.0032,0.028,8e-4,5e-4,0,0.0074,0.0589,0.0159,0.0087,0.0781,0.7406,0.3765,0.3641,0.2594,0.222,0.0375,0.44289999999999996,0.40349999999999997,0.0638,0.0899,0.17059999999999997,0.2776,0.2109,0.0829,0.1608,0.0972,0.7097,0.058,0.2323,0.9067999999999999,0.6443,0.2972,0.09309999999999999,0.7215,0.1075,0.143,0.0102,0.0464,0.0011,7e-4,7e-4,0.0033,3e-4,0,0.0022,0.0099,0.002,6e-4,2e-4,0,8e-4,2e-4,5e-4,8e-4,0.0021,0.0019,0.0085,2e-4,0.001,0,0,0,0,3e-4,6e-4,0.0021,0,0,0.0011,1e-4,0.0033,0.0065,0.0268,0.001,0.0628,0.0024,0.0133,4e-4,0,0,6e-4,0,0,4e-4,0.0089,0.001,2e-4,1e-4,0,4e-4,0,1e-4,3e-4,0.0012,6e-4,0.0046,1e-4,7e-4,0,0,0,0,1e-4,3e-4,3e-4,0,0,5e-4,0,0.0014,4e-4,0.0064,0,9e-4,0.051100000000000007,0.022099999999999998,0.013600000000000001,0.0902,0.1069,0.0158,0.0528,0.091,0.3701,0.0685,0.052,0.0649,0.1027,0.020499999999999997,0.1206,0.0774,0.10089999999999999,0.0503,0.0335,0.0537,0.044899999999999995,0.20990000000000003,0.07110000000000001,0.11460000000000001
32,164662,162824,0.6082150051589447,0.3917849948410554,0.4911,0.5089,40.21276595744681,77875.36956521739,0.0926,0.9074,0.1309,0.8691,0.20939999999999998,0.2138,0.1246,0.14650000000000002,0.1479,0.15790000000000004,0.368,0.162,0.0468,0.0131,0.0019,0.0023,0.1798,0.0017,2e-4,0,0.0161,0.1564,0.0226,0.029,0.0562,0.7427,0.5143,0.2284,0.2573,0.2173,0.0399,0.3457,0.5106999999999999,0.0644,0.0791,0.1774,0.2929,0.1648,0.081,0.1833,0.10060000000000001,0.7225,0.0422,0.2353,0.9053,0.6739999999999999,0.2601,0.0945,0.5249,0.1919,0.2858,0.0021,0.0048,0.0276,0.0013,0.0025,4e-4,7e-4,3e-4,0.0022,0.006,0.0176,0.0021,9e-4,1e-4,0.0013,5e-4,0.0028,0.0075,0.0509,0.0074,0.0244,2e-4,0.0011,1e-4,1e-4,3e-4,0,3e-4,0.0023,0.0113,0.0015,0,0,6e-4,0.005,0.0012,0.0016,5e-4,0.109,2e-4,0.0011,0.0077,2e-4,2e-4,0,2e-4,0,7e-4,0.0033,0.0098,9e-4,3e-4,0,6e-4,2e-4,0.0012,0.0032,0.0251,0.003,0.0162,2e-4,0.001,1e-4,0,2e-4,0,2e-4,7e-4,0.0024,4e-4,0,0,5e-4,0.0022,1e-4,5e-4,3e-4,7e-4,0.07859999999999999,0.0466,0.0212,0.08990000000000001,0.0884,0.0198,0.0744,0.10020000000000001,0.2713,0.1051,0.0516,0.052199999999999996,0.12840000000000001,0.0368,0.1113,0.05399999999999999,0.0495,0.0379,0.0566,0.0501,0.0379,0.2228,0.0892,0.1254
33,187524,183217,0.252176381012679,0.7478236189873211,0.4941,0.5059,31.07142857142857,94771.91836734694,0.1827,0.8173,0.1878,0.8122,0.2709000000000001,0.31360000000000005,0.162,0.08869999999999999,0.0747,0.0902,0.7116,0.066,0.0679,0.0084,6e-4,0.0018,0.0547,6e-4,3e-4,0,0.0032,0.0483,0.0258,0.011,0.10220000000000001,0.5198,0.411,0.1088,0.4802,0.321,0.1592,0.45599999999999996,0.46199999999999997,0.034,0.048,0.1252,0.17429999999999998,0.0986,0.0315,0.3196,0.2508,0.7683,0.0377,0.1939,0.9341999999999999,0.7141,0.2572,0.0658,0.5185,0.1845,0.122,0.0098,0.0024,0.0067,0.0023,0.0051,0.2068,0.0011,0.0023,0.0012,0.0059,0.0505,8e-4,0.0012,0,3e-4,8e-4,0.0023,0.0018,0.0028,0.0021,0.0195,0.003,0.0051,0,0,3e-4,2e-4,6e-4,0.0012,0.0016,8e-4,0,2e-4,0.0014,0.0031,0.0149,7e-4,3e-4,0.0436,0.0013,0.0011,0.0012,4e-4,3e-4,0.0825,0,1e-4,2e-4,0.002,0.0282,0,5e-4,0,0,1e-4,2e-4,6e-4,0.0014,3e-4,0.0109,0.001,0.0021,0,0,1e-4,0,0,4e-4,1e-4,2e-4,0,0,7e-4,0.001,0.0038,2e-4,0,2e-4,0.0297,0.0383,0.024,0.0842,0.0226,0.08,0.1193,0.241,0.1981,0.0932,0.0403,0.029199999999999997,0.2673,0.0739,0.27190000000000003,0.0281,0.021599999999999998,0.011300000000000001,0.0288,0.0195,0.0225,0.1842,0.0283,0.042499999999999996
34,165879,163381,0.1630360935482094,0.8369639064517906,0.4981,0.5019,32.05714285714286,68549.38095238095,0.1957,0.8043,0.2316,0.7684,0.18049999999999997,0.387,0.1452,0.1022,0.0887,0.09630000000000001,0.3095,0.2352,0.095,0.0427,0.0018,0.0054,0.0804,7e-4,3e-4,1e-4,0.0041,0.1868,0.0197,0.0184,0.0808,0.5203,0.2795,0.2408,0.4797,0.2675,0.2122,0.558,0.3363,0.04,0.0657,0.2207,0.2194,0.12869999999999998,0.0498,0.2719,0.1097,0.7535,0.0461,0.2004,0.8445,0.611,0.2669,0.1555,0.4227,0.27290000000000003,0.4498,0.0061,0.0021,0.0069,0.0016,0.0024,0.007,4e-4,8e-4,5e-4,0.0043,0.0201,0.0012,0.0019,1e-4,3e-4,1e-4,0.0013,6e-4,0.0056,0.0087,0.0345,0.0032,0.0032,0,0,4e-4,1e-4,0.0011,0.0039,0.0021,3e-4,0,0,6e-4,0.0039,0.0012,7e-4,3e-4,0.2124,9e-4,6e-4,0.0025,4e-4,5e-4,0.0017,0,1e-4,0,0.0023,0.0114,3e-4,0.0011,1e-4,1e-4,0,1e-4,2e-4,0.0033,0.0037,0.0237,0.0012,7e-4,0,0,0,0,3e-4,0.0019,4e-4,0,0,0,4e-4,0.0021,2e-4,0,3e-4,7.999999999999999e-4,0.053,0.0422,0.0206,0.10830000000000001,0.0401,0.0743,0.063,0.1895,0.18439999999999998,0.1478,0.0519,0.0242,0.16210000000000002,0.0551,0.1931,0.0235,0.041299999999999996,0.0195,0.0806,0.0413,0.0429,0.1908,0.0639,0.086
35,177646,172090,0.27482712534139114,0.7251728746586089,0.4613,0.5387,34.11590909090909,81040.40909090909,0.1233,0.8767,0.1783,0.8217,0.18180000000000002,0.33719999999999994,0.15489999999999998,0.1108,0.09600000000000002,0.11929999999999999,0.378,0.0406,0.3888,0.0248,0.0011,7e-4,0.0686,3e-4,2e-4,1e-4,0.0071,0.0426,0.0358,0.0113,0.0597,0.4789,0.2847,0.1942,0.5211,0.3475,0.1736,0.5345,0.3556,0.0382,0.0717,0.1195,0.1639,0.13,0.0496,0.3031,0.2339,0.7626,0.046,0.1914,0.9365,0.7435,0.23170000000000002,0.0635,0.7106,0.1056,0.1167,0.0174,0.0332,0.0037,0.0012,0.0038,0.0177,0.0012,7e-4,7e-4,0.0065,9e-4,8e-4,0.001,4e-4,0.001,6e-4,0.002,0.0013,0.0054,0.0025,0.022,0.0038,0.003,0,0,7e-4,0,7e-4,0.0028,0.0011,7e-4,0,2e-4,2e-4,0.0071,0.0187,0.0097,2e-4,0.0398,0.0044,0.0181,8e-4,3e-4,2e-4,0.0035,3e-4,1e-4,1e-4,0.0021,2e-4,3e-4,1e-4,3e-4,3e-4,0,2e-4,4e-4,0.0025,8e-4,0.0136,0.0014,8e-4,0,0,5e-4,0,2e-4,0.001,4e-4,1e-4,0,0,1e-4,0.0041,0.0055,0.0031,0,8e-4,0.024,0.0254,0.012299999999999998,0.07899999999999999,0.0416,0.0762,0.0806,0.2041,0.2623,0.0965,0.0545,0.0426,0.2077,0.076,0.26280000000000003,0.039,0.0412,0.022900000000000004,0.0361,0.0278,0.0364,0.1725,0.026199999999999998,0.0514
36,147948,145429,0.2571014034339781,0.7428985965660219,0.4595,0.5405,33.72195121951219,53859.90243902439,0.2069,0.7931,0.2808,0.7192,0.19439999999999996,0.32670000000000005,0.1425,0.123,0.1021,0.11119999999999998,0.1739,0.052,0.5725,0.0408,0.0023,0.0018,0.0333,6e-4,2e-4,6e-4,0.0024,0.0759,0.0253,0.0182,0.0567,0.5218,0.213,0.3088,0.4782,0.3321,0.1461,0.577,0.2952,0.0519,0.07600000000000001,0.1625,0.2542,0.1503,0.0644,0.2329,0.13570000000000002,0.7054,0.0567,0.2379,0.8958999999999999,0.6351000000000001,0.3127,0.1041,0.7708,0.0914,0.1527,0.0125,0.0145,0.0012,4e-4,0.0014,0.002,1e-4,7e-4,4e-4,0.0022,3e-4,0,4e-4,0,6e-4,3e-4,5e-4,0.0013,0.0081,6e-4,0.0069,0.0011,0.0017,0,0,1e-4,0,0,0.0024,6e-4,3e-4,0,0,0,0.0051,8e-4,0.0095,2e-4,0.064,0.0033,0.0052,2e-4,1e-4,2e-4,6e-4,1e-4,1e-4,0,9e-4,0,0,0,0,0,1e-4,0,4e-4,0.0044,3e-4,0.0048,4e-4,3e-4,0,0,0,0,0,4e-4,0,1e-4,0,0,0,0.0031,3e-4,0.0021,0,7.999999999999999e-4,0.0344,0.024300000000000002,0.0157,0.0987,0.06760000000000001,0.063,0.0578,0.1558,0.2639,0.1182,0.0564,0.0435,0.13929999999999998,0.0495,0.21439999999999998,0.0349,0.0596,0.0358,0.0545,0.033299999999999996,0.0421,0.2095,0.044,0.08299999999999999
37,145646,139985,0.27369361002964604,0.726306389970354,0.4837,0.5163,32.86279069767442,50921,0.2085,0.7915,0.3003,0.6997,0.2255,0.31679999999999997,0.1387,0.1281,0.10110000000000001,0.08990000000000001,0.0877,0.2205,0.2946,0.0599,9e-4,0.0036,0.0606,3e-4,0,7e-4,0.0088,0.231,0.0141,0.0172,0.14400000000000002,0.6317,0.3261,0.3056,0.3683,0.2549,0.1135,0.5382,0.3668,0.0359,0.0592,0.23559999999999998,0.3634,0.132,0.0645,0.1514,0.05280000000000001,0.6745,0.0418,0.2837,0.8691,0.5379999999999999,0.3741,0.13090000000000002,0.4077,0.24939999999999998,0.5058,0.004,0.0103,0.0018,0.0011,9e-4,0,6e-4,1e-4,1e-4,0.0012,5e-4,1e-4,0,1e-4,2e-4,1e-4,0.0018,6e-4,0.0225,0.0023,0.0189,0.0017,0.0025,0,0,1e-4,0,8e-4,0.0022,0.0034,4e-4,0,0,3e-4,0.0026,5e-4,0.0046,0,0.2125,0.0016,0.0037,1e-4,4e-4,1e-4,0,1e-4,0,0,6e-4,2e-4,0,0,0,1e-4,0,8e-4,4e-4,0.0085,5e-4,0.0123,0.0011,8e-4,0,0,1e-4,0,4e-4,0.0017,9e-4,2e-4,0,0,3e-4,9e-4,2e-4,9e-4,0,0.0026,0.0689,0.034999999999999996,0.025500000000000002,0.11460000000000001,0.09430000000000001,0.0341,0.0467,0.1145,0.2463,0.12179999999999999,0.0626,0.033,0.08449999999999999,0.0276,0.12990000000000002,0.029599999999999998,0.08099999999999999,0.036699999999999997,0.0756,0.054599999999999996,0.043199999999999995,0.2056,0.09269999999999999,0.1391
38,157362,154408,0.24974094606497071,0.7502590539350292,0.4992,0.5008,34.551219512195125,54127.45,0.2277,0.7723,0.2877,0.7123,0.2418,0.2684,0.1489,0.1274,0.10060000000000001,0.11280000000000003,0.1903,0.1663,0.0508,0.0129,0.0012,0.0048,0.3515,9e-4,0.002,0,0.0033,0.1871,0.013,0.016,0.2164,0.7054,0.4674,0.2379,0.2946,0.2065,0.0882,0.3987,0.5013,0.044,0.055999999999999994,0.41640000000000005,0.2297,0.0835,0.0365,0.1484,0.08529999999999999,0.7108,0.0499,0.2393,0.807,0.4081,0.4294,0.193,0.215,0.5128,0.362,0.0021,0.0014,0.0077,6e-4,0.0017,0.0198,2e-4,7e-4,0.0014,0.0132,0.0102,4e-4,0.0018,0,9e-4,0.0012,0.0016,0.0034,0.0079,0.0028,0.3061,8e-4,0.0026,4e-4,0,6e-4,0,0.0028,0.0048,0.0036,8e-4,0,0,0.0027,0.0141,0.0028,0.0012,9e-4,0.2062,7e-4,1e-4,0.0036,2e-4,2e-4,0.0068,0,1e-4,4e-4,0.0099,0.007,1e-4,0.0013,0,3e-4,6e-4,8e-4,0.0015,0.0047,0.0014,0.2483,6e-4,0.0014,0,0,4e-4,0,0.0011,0.003,0.0013,5e-4,0,0,0.0018,0.0064,0.001,5e-4,6e-4,0.0013,0.0799,0.057300000000000004,0.0224,0.0988,0.047299999999999995,0.029,0.0497,0.0947,0.21150000000000002,0.21650000000000003,0.0716,0.0204,0.09259999999999999,0.0348,0.11299999999999999,0.0301,0.0629,0.016,0.152,0.0508,0.0469,0.1905,0.08600000000000001,0.1244
39,176466,174943,0.43359265589363394,0.5664073441063661,0.4847,0.5153,35.254347826086956,114387.93478260869,0.0728,0.9272,0.091,0.909,0.25139999999999996,0.2372,0.17820000000000003,0.12669999999999998,0.09670000000000001,0.11,0.6503,0.0765,0.0456,0.0051,0.001,0.0017,0.1192,0.001,1e-4,0,0.0072,0.0422,0.0405,0.0097,0.0783,0.6052,0.5004,0.1048,0.3948,0.2641,0.1307,0.3667,0.5488999999999999,0.0337,0.0509,0.0878,0.11660000000000001,0.0829,0.0369,0.3282,0.3478,0.8044,0.0358,0.1599,0.9445999999999999,0.8065,0.1609,0.0554,0.6172,0.1607,0.1386,0.0138,0.0047,0.0118,0.0027,0.0063,0.0405,0.0014,0.0025,0.0033,0.0287,0.0102,9e-4,0.0025,3e-4,0.0019,2e-4,0.0017,0.0051,0.0307,0.0079,0.0327,0.0052,0.0028,3e-4,0,0.0011,1e-4,8e-4,0.0044,0.0016,3e-4,0,0,0.0013,0.0071,0.0083,4e-4,7e-4,0.0587,0.0022,0.0018,0.0027,3e-4,6e-4,0.0114,0,3e-4,6e-4,0.0189,0.0061,2e-4,0.0017,3e-4,4e-4,1e-4,2e-4,0.0013,0.0181,0.0038,0.0199,0.0026,0.001,3e-4,0,4e-4,0,2e-4,0.0019,2e-4,1e-4,0,0,2e-4,0.0022,0.0017,1e-4,2e-4,0.0010999999999999998,0.0326,0.0275,0.0174,0.069,0.031,0.0965,0.088,0.2267,0.23909999999999998,0.0945,0.0446,0.032100000000000004,0.2479,0.089,0.30569999999999997,0.0456,0.0184,0.0098,0.0292,0.015,0.0225,0.1431,0.0283,0.0456
4,153594,150369,0.41018428000452223,0.5898157199954778,0.4692,0.5308,44.36,152777.58974358975,0.0262,0.9738,0.0237,0.9763,0.1198,0.2844,0.1327,0.1244,0.1174,0.2215,0.7244,0.062,0.0257,0.0015,9e-4,3e-4,0.1411,0.0012,3e-4,2e-4,0.0038,0.01,0.0242,0.0043,0.0318,0.4166,0.3563,0.0603,0.5834,0.4735,0.1099,0.4113,0.4605,0.0494,0.0787,0.0287,0.0485,0.0686,0.0208,0.412,0.4215,0.8053,0.0255,0.1691,0.9635999999999999,0.9185,0.0582,0.0363,0.7324,0.0566,0.0564,0.0347,2e-4,0.0111,0.0075,0.0101,1e-4,0.0021,0.0026,0.0037,0.0143,0.0028,0.0022,0.0025,6e-4,0.0032,0.0022,0.007,0.0032,0.0043,0.003,0.0319,0.0136,0.017,3e-4,0,8e-4,0,6e-4,0.0036,0.0072,9e-4,0,0,0.0015,0.0054,0.0083,0.0021,4e-4,0.0096,0.005,0,0.001,0.0016,0.001,1e-4,1e-4,1e-4,4e-4,0.0029,2e-4,2e-4,9e-4,0,2e-4,1e-4,5e-4,0.0013,0.0014,7e-4,0.0102,0.0072,0.0079,1e-4,0,1e-4,0,1e-4,5e-4,0.0013,0,0,0,0,0.001,5e-4,2e-4,2e-4,7e-4,0.014100000000000001,0.0327,0.0251,0.0601,0.0155,0.0676,0.24120000000000003,0.2509,0.1741,0.059300000000000005,0.030699999999999998,0.028,0.3722,0.0941,0.2022,0.0697,0.0065,0.0036,0.0157,0.0068000000000000005,0.0194,0.1844,0.0101,0.0154
40,140892,139294,0.18161586285123552,0.8183841371487645,0.4653,0.5347,35.45757575757575,61907,0.1229,0.8771,0.2302,0.7698,0.2108,0.2876,0.14959999999999998,0.1167,0.1117,0.12369999999999999,0.2071,0.0401,0.5343,0.0266,6e-4,0.0024,0.0631,6e-4,0,0,0.0072,0.0873,0.0236,0.007,0.11750000000000001,0.573,0.2949,0.2782,0.427,0.3221,0.1049,0.4949,0.38360000000000005,0.0448,0.0766,0.1389,0.2962,0.1576,0.0547,0.2101,0.14250000000000002,0.7423,0.047,0.2107,0.8656,0.6023,0.2825,0.1344,0.6135,0.1798,0.1418,0.012,0.115,0.0024,5e-4,0.0014,0.0085,0.0011,7e-4,5e-4,0.0142,0.0012,4e-4,0.0013,0,0.0021,0,5e-4,0.0146,0.0182,0.0028,0.0068,0.0021,0.0026,2e-4,0,8e-4,0,9e-4,0.0084,0.0013,1e-4,0,1e-4,1e-4,0.0067,0.0087,0.0079,8e-4,0.0657,0.0033,0.0546,7e-4,0,0,0.0011,2e-4,1e-4,0,0.0087,8e-4,3e-4,9e-4,0,0.001,0,1e-4,0.009,0.0088,0.0019,0.0048,9e-4,0.002,0,0,5e-4,0,3e-4,0.0069,2e-4,1e-4,0,0,0,0.0032,9e-4,0.0022,6e-4,3.0000000000000003e-4,0.0449,0.02,0.0145,0.091,0.0728,0.0464,0.0661,0.13219999999999998,0.3157,0.10439999999999999,0.0544,0.037,0.1345,0.0414,0.1876,0.046200000000000005,0.0996,0.032299999999999995,0.0469,0.045200000000000004,0.0382,0.1774,0.0588,0.0917
41,156711,152600,0.23429226736566186,0.7657077326343381,0.4428,0.5572,36.826829268292684,41453.26829268293,0.2272,0.7728,0.353,0.647,0.23839999999999995,0.2572,0.1287,0.12439999999999998,0.11829999999999999,0.1331,0.061,0.0308,0.7643,0.0379,0.0012,0.001,0.0154,0.0011,3e-4,0,0.0026,0.0586,0.0152,0.0108,0.0688,0.5715,0.1933,0.3782,0.4285,0.3631,0.0653,0.5484,0.30289999999999995,0.0664,0.0824,0.18950000000000003,0.3445,0.16899999999999998,0.0769,0.15310000000000001,0.0669,0.6504,0.0656,0.284,0.8941,0.5408000000000001,0.3973,0.1059,0.7998,0.08410000000000001,0.1098,0.0124,0.0372,9e-4,5e-4,0,0.0013,0.001,0,1e-4,0.0014,4e-4,0,4e-4,0,1e-4,0,1e-4,5e-4,0.004,0.0011,0.0055,2e-4,4e-4,1e-4,0,0,1e-4,2e-4,2e-4,2e-4,0,0,0,0,0.0029,0.0023,0.0168,3e-4,0.0446,0.0054,0.017,3e-4,4e-4,0,2e-4,2e-4,0,0,7e-4,4e-4,0,2e-4,0,1e-4,0,1e-4,2e-4,0.0015,5e-4,0.0038,0,3e-4,0,0,0,1e-4,0,0,1e-4,0,0,0,0,0.0015,6e-4,0.0059,0,0.0013000000000000002,0.0451,0.023,0.0131,0.08560000000000001,0.0938,0.028300000000000002,0.0619,0.1127,0.3402,0.0781,0.0639,0.0531,0.0996,0.0242,0.1426,0.0458,0.1234,0.0532,0.0493,0.059899999999999995,0.049,0.19490000000000002,0.061099999999999995,0.09699999999999999
42,159078,155244,0.2711215892401639,0.7288784107598362,0.4347,0.5653,37.12380952380953,39788.92857142857,0.2454,0.7546,0.3553,0.6447,0.2427,0.23679999999999995,0.124,0.1283,0.1242,0.144,0.0338,0.0867,0.7177,0.0485,0.0016,0.0023,0.0193,4e-4,4e-4,0,0.0073,0.0654,0.0089,0.0077,0.0999,0.6022,0.2249,0.3773,0.3978,0.3666,0.0312,0.5275000000000001,0.3204,0.06420000000000001,0.0879,0.1867,0.41280000000000006,0.1727,0.0705,0.1102,0.0472,0.628,0.0612,0.3108,0.9194,0.5478000000000001,0.41459999999999997,0.0805,0.7387,0.0988,0.1635,0.0054,0.0278,0.0013,3e-4,1e-4,8e-4,6e-4,0,0,0.0133,0.0016,1e-4,0,0,0,0,2e-4,0.0011,0.0105,0.001,0.0048,5e-4,8e-4,0,0,1e-4,0,7e-4,0,1e-4,0,0,2e-4,0,0.0034,0.0018,0.0209,1e-4,0.0572,0.0019,0.0109,5e-4,1e-4,0,2e-4,1e-4,0,0,0.0117,1e-4,0,0,0,0,0,1e-4,8e-4,0.0055,7e-4,0.0028,1e-4,5e-4,0,0,1e-4,0,6e-4,0,0,0,0,0,0,0.0015,1e-4,0.0032,1e-4,0.0025,0.0474,0.0204,0.0101,0.0991,0.1251,0.0131,0.046200000000000005,0.0985,0.344,0.0769,0.0577,0.0592,0.0643,0.0179,0.1075,0.057100000000000005,0.1202,0.0664,0.0393,0.067,0.05210000000000001,0.2087,0.0725,0.1271
43,181019,179273,0.4528345038014648,0.5471654961985352,0.4894,0.5106,41.15,75497.07936507936,0.1114,0.8886,0.1554,0.8446,0.1995,0.2258,0.1376,0.13499999999999998,0.1313,0.17089999999999997,0.4987,0.0773,0.0217,0.0032,0.0013,0.002,0.2885,0.0019,5e-4,1e-4,0.0018,0.0709,0.0192,0.0128,0.0935,0.6594,0.4979,0.1615,0.3406,0.2825,0.0581,0.31789999999999996,0.5513,0.0623,0.0686,0.19039999999999999,0.2336,0.11460000000000001,0.0666,0.2403,0.15430000000000002,0.7355,0.0398,0.2247,0.8887,0.64,0.2727,0.11130000000000001,0.408,0.3169,0.1098,0.0037,5e-4,0.0392,0.0015,0.001,0.0012,1e-4,0.0012,0.0278,0.0522,0.0144,0.0035,0.0046,6e-4,0.0019,0.001,0.0017,0.0112,0.0062,0.0104,0.2089,0.0012,0.0047,3e-4,0,0,0,0.0027,0.0056,0.004,0.001,0,3e-4,0.0013,0.063,0.0016,0.001,0.0026,0.0485,0.0017,2e-4,0.0179,4e-4,0,2e-4,1e-4,2e-4,0.0097,0.0309,0.008,0.0014,0.0031,5e-4,7e-4,4e-4,4e-4,0.0057,0.0034,0.0047,0.1402,5e-4,0.0033,1e-4,0,0,0,0.0019,0.003,0.001,4e-4,0,0,7e-4,0.0255,6e-4,3e-4,0.0013,9e-4,0.0728,0.0429,0.0257,0.088,0.0645,0.0293,0.0974,0.1168,0.2662,0.10020000000000001,0.0502,0.0451,0.16610000000000003,0.0546,0.1424,0.0591,0.0481,0.0257,0.0576,0.0276,0.0339,0.2091,0.08020000000000001,0.0955
44,159761,158844,0.37421621213265843,0.6257837878673416,0.5018,0.4982,30.158,51732.63265306123,0.2221,0.7779,0.3025,0.6975,0.34440000000000004,0.2239,0.1073,0.0949,0.0922,0.1373,0.7235,0.0388,0.0139,0.0022,0.0033,7e-4,0.1398,6e-4,2e-4,1e-4,0.0026,0.049,0.0226,0.0027,0.1959,0.7453,0.6096,0.1356,0.2547,0.2173,0.0374,0.2891,0.5971,0.0611,0.0526,0.2111,0.2999,0.1225,0.0617,0.1829,0.1221,0.6827,0.0399,0.2774,0.899,0.4884,0.4386,0.10099999999999999,0.3255,0.3406,0.0818,0.004,0.001,0.0152,0.0011,8e-4,0.2196,3e-4,8e-4,0.0031,0.1028,0.0148,0.0037,0.0071,3e-4,0.0024,0,0.002,0.0193,0.0057,0.0118,0.093,3e-4,0.0014,6e-4,0,0,0,4e-4,0.0108,0.0024,2e-4,0,3e-4,0.0085,0.01,0.0461,3e-4,0.0024,0.0503,0.0014,4e-4,0.008,4e-4,2e-4,0.0679,2e-4,3e-4,9e-4,0.0723,0.0097,0.0014,0.0056,2e-4,0.0016,0,9e-4,0.0095,0.0039,0.0067,0.0654,1e-4,6e-4,5e-4,0,0,0,3e-4,0.0089,8e-4,1e-4,0,0,0.0046,0.0051,0.011,1e-4,0.0013,0.0019,0.0691,0.0442,0.053700000000000005,0.0984,0.0616,0.021500000000000002,0.0767,0.099,0.3406,0.07189999999999999,0.041499999999999995,0.019799999999999998,0.1286,0.0385,0.17559999999999998,0.044800000000000006,0.06949999999999999,0.011399999999999999,0.0435,0.033100000000000004,0.031100000000000003,0.25880000000000003,0.07189999999999999,0.0934
45,164339,163806,0.4771803230650892,0.5228196769349108,0.4549,0.5451,38.38275862068966,71425.89655172414,0.0998,0.9002,0.1723,0.8277,0.23640000000000003,0.2317,0.1299,0.1201,0.1251,0.15649999999999997,0.2011,0.0213,0.6486,0.0228,0.0017,0.0013,0.0469,2e-4,0,0,0.0059,0.0337,0.0132,0.0032,0.0968,0.7082,0.3938,0.3144,0.2918,0.2505,0.0413,0.425,0.4396,0.0544,0.0809,0.1157,0.3004,0.1825,0.0764,0.2023,0.12259999999999999,0.7394,0.0447,0.2159,0.8934,0.6496,0.26849999999999996,0.10660000000000001,0.6817,0.1717,0.0695,0.013,0.123,0.0015,0.001,0.0011,0.0069,4e-4,3e-4,0.0011,0.0182,0.0022,5e-4,0.0014,4e-4,0.001,2e-4,6e-4,0.0236,0.0082,0.0023,0.0079,5e-4,6e-4,3e-4,0,2e-4,0,5e-4,0.0025,0.0016,1e-4,0,5e-4,0.0011,0.0072,0.0104,0.0078,8e-4,0.0314,0.0053,0.0715,6e-4,2e-4,3e-4,0.0021,1e-4,0,4e-4,0.0131,0.001,4e-4,6e-4,4e-4,8e-4,1e-4,4e-4,0.0156,0.006,0.0014,0.0046,3e-4,4e-4,1e-4,0,1e-4,0,4e-4,0.002,5e-4,1e-4,0,0,8e-4,0.0032,0.0045,0.0026,4e-4,4e-4,0.0486,0.0218,0.0135,0.08940000000000001,0.0897,0.023,0.0668,0.0936,0.38649999999999995,0.0683,0.0486,0.049600000000000005,0.1192,0.0342,0.1395,0.07619999999999999,0.12000000000000001,0.0387,0.0362,0.0416,0.0379,0.198,0.0614,0.097
46,172318,171585,0.6401550252061661,0.359844974793834,0.4537,0.5463,40.355223880597016,84607.49253731343,0.0742,0.9258,0.1371,0.8629,0.22139999999999999,0.2127,0.12369999999999999,0.12919999999999998,0.1498,0.16290000000000002,0.2588,0.0304,0.5659,0.0168,8e-4,4e-4,0.0714,0.0012,0,1e-4,0.0034,0.0334,0.0127,0.0048,0.0658,0.7486,0.4487,0.2999,0.2514,0.2236,0.0278,0.3892,0.47130000000000005,0.06,0.0794,0.1108,0.2953,0.1751,0.0897,0.2013,0.1281,0.7437,0.0422,0.2141,0.9227,0.7335,0.2142,0.07730000000000001,0.6775,0.1452,0.0586,0.0144,0.1098,0.0086,4e-4,4e-4,0.0023,6e-4,0,0.0031,0.0392,0.0016,2e-4,0.0027,0,1e-4,0,0.0026,0.0035,0.0027,0.002,0.0324,3e-4,9e-4,0,0,0,0,0.0016,0.0014,0.0037,1e-4,0,3e-4,6e-4,0.0077,0.0137,0.0067,3e-4,0.0192,0.0052,0.0532,0.0027,2e-4,1e-4,8e-4,0,0,0.001,0.0198,5e-4,1e-4,0.0014,0,0,0,0.0011,0.0017,0.0019,8e-4,0.0204,0,4e-4,0,0,0,0,0.001,5e-4,0.0013,1e-4,0,0,6e-4,0.0045,0.0043,0.0023,1e-4,0.001,0.053,0.0194,0.0158,0.0886,0.09519999999999999,0.021900000000000003,0.0706,0.08399999999999999,0.3944,0.0607,0.0394,0.056,0.1202,0.0368,0.1391,0.1043,0.0899,0.0433,0.0277,0.0329,0.035,0.2028,0.07269999999999999,0.09530000000000001
47,168834,167494,0.34635270517152855,0.6536472948284715,0.4768,0.5232,40.28333333333333,51500.229166666664,0.1711,0.8289,0.3098,0.6902,0.22869999999999996,0.2159,0.12100000000000001,0.11960000000000001,0.1306,0.1842,0.4465,0.0536,0.0782,0.0093,0.0017,0.0011,0.2816,8e-4,9e-4,1e-4,0.0037,0.0945,0.0223,0.0057,0.1113,0.6973,0.4762,0.2211,0.3027,0.2593,0.0435,0.3145,0.5275000000000001,0.0732,0.0849,0.22990000000000002,0.2673,0.1119,0.0681,0.2014,0.1213,0.6829,0.0527,0.2644,0.8754,0.544,0.36560000000000004,0.1247,0.3363,0.4154,0.1092,0.0023,0.0052,0.0358,3e-4,0.001,0.0062,1e-4,0,0.0015,0.1715,0.006,0.001,0.0089,3e-4,3e-4,0,7e-4,0.018,0.0052,0.012,0.2173,4e-4,0.002,0.0013,0,1e-4,0,0.003,0.0102,7e-4,2e-4,0,0,6e-4,0.0257,0.0119,0.002,0.0026,0.0553,0.001,0.0022,0.0179,0,1e-4,0.0027,1e-4,0,6e-4,0.1167,0.0035,4e-4,0.0063,1e-4,3e-4,0,0,0.0095,0.0028,0.0075,0.1573,1e-4,0.0014,8e-4,0,1e-4,0,0.0023,0.0061,6e-4,1e-4,0,0,4e-4,0.0139,0.0033,0.0011,9e-4,0.0022,0.0721,0.0419,0.0407,0.1046,0.0894,0.0186,0.0832,0.091,0.2698,0.10189999999999999,0.0537,0.030799999999999998,0.1283,0.0466,0.1015,0.047299999999999995,0.0783,0.0177,0.0627,0.0442,0.0385,0.2288,0.08099999999999999,0.125
48,163004,161504,0.4291534574995047,0.5708465425004954,0.4815,0.5185,42.90833333333333,65234.6875,0.1181,0.8819,0.2407,0.7593,0.2032,0.20350000000000001,0.1191,0.12589999999999998,0.134,0.2144,0.6969,0.0378,0.0199,0.0023,8e-4,9e-4,0.162,0.001,3e-4,0,0.0017,0.0427,0.0318,0.0019,0.10930000000000001,0.6514,0.5008,0.1506,0.3486,0.2995,0.0491,0.2692,0.5652999999999999,0.0824,0.08310000000000001,0.1332,0.2317,0.1021,0.0786,0.2628,0.1916,0.7211,0.0397,0.2392,0.8813,0.5965,0.3129,0.1187,0.3217,0.4187,0.0631,0.0039,0.001,0.0061,4e-4,6e-4,0.0082,0.001,1e-4,0.0021,0.3615,0.0044,0.0046,0.0134,0.0017,0.0028,6e-4,0.0018,0.0259,0.0081,0.009,0.0865,2e-4,0.0035,2e-4,0,1e-4,0,0.0045,0.0203,0.0045,6e-4,0,0,0.001,0.0153,0.0154,0.0011,0.005,0.0362,5e-4,6e-4,0.0027,2e-4,3e-4,0.0026,3e-4,0,5e-4,0.2411,0.0033,0.0024,0.0088,0.0012,0.0014,2e-4,7e-4,0.0125,0.0044,0.0055,0.0555,1e-4,0.0023,1e-4,0,1e-4,0,0.0033,0.012,0.0016,3e-4,0,0,6e-4,0.0085,0.0051,3e-4,0.0035,8e-4,0.0658,0.0282,0.0337,0.0927,0.07830000000000001,0.029699999999999997,0.0859,0.1106,0.3276,0.07300000000000001,0.0435,0.0303,0.139,0.0664,0.1254,0.0805,0.1013,0.0153,0.0495,0.0254,0.028699999999999996,0.2013,0.06820000000000001,0.0988
49,151804,148370,0.565842151378311,0.43415784862168905,0.4916,0.5084,37.92857142857143,67347.0243902439,0.1716,0.8284,0.2359,0.7641,0.23459999999999998,0.24110000000000004,0.1295,0.1313,0.13290000000000002,0.1304,0.3321,0.2029,0.2474,0.0235,6e-4,0.0026,0.0871,0.001,0,2e-4,0.0033,0.0672,0.0201,0.0119,0.0626,0.6854,0.4398,0.2455,0.3146,0.2689,0.0457,0.39949999999999997,0.4668,0.0559,0.07780000000000001,0.1671,0.28190000000000004,0.16720000000000002,0.0751,0.1844,0.1244,0.66,0.0325,0.3075,0.8998999999999999,0.6592,0.27459999999999996,0.1001,0.6354,0.13849999999999998,0.2111,0.008,0.0051,0.0079,6e-4,0.001,2e-4,3e-4,4e-4,0.0011,0.0089,0.0109,0.0021,0.002,0,0,4e-4,0.0024,0.0088,0.0103,0.0082,0.021,0.001,0.0046,2e-4,0,0,0,9e-4,0.0053,0.011,2e-4,2e-4,7e-4,3e-4,0.0141,0.001,0.0146,0,0.0813,0.0011,0.0017,0.0024,3e-4,2e-4,0,0,1e-4,1e-4,0.0046,0.0043,6e-4,0.0011,0,0,1e-4,9e-4,0.0016,0.0049,0.0032,0.0129,3e-4,0.0022,1e-4,0,0,0,5e-4,0.0017,0.0028,1e-4,0,1e-4,2e-4,0.0062,1e-4,0.0028,0,0.0026999999999999997,0.07239999999999999,0.024300000000000002,0.0134,0.1026,0.0697,0.024300000000000002,0.0732,0.11030000000000001,0.3034,0.089,0.04820000000000001,0.06659999999999999,0.1111,0.038099999999999995,0.14150000000000001,0.07769999999999999,0.0615,0.0606,0.054000000000000006,0.0351,0.0388,0.207,0.08769999999999999,0.087
5,181034,176472,0.3121628360306451,0.6878371639693549,0.4442,0.5558,39.28636363636364,121726.22727272728,0.0196,0.9804,0.0328,0.9672,0.1381,0.29669999999999996,0.1504,0.123,0.10160000000000001,0.1901,0.7195,0.0685,0.0284,0.0055,0.0017,9e-4,0.1202,7e-4,3e-4,2e-4,0.0016,0.0242,0.0235,0.0049,0.0496,0.4084,0.3525,0.0558,0.5916,0.4889,0.1027,0.4128,0.4567,0.049100000000000005,0.0814,0.027899999999999998,0.0755,0.0758,0.0375,0.3702,0.4132,0.8365,0.0229,0.1406,0.9553999999999999,0.9092,0.0568,0.044500000000000005,0.7299,0.0651,0.0716,0.0291,3e-4,0.0111,0.0096,0.0117,5e-4,0.0018,0.0018,0.0044,0.0157,0.0027,0.0056,0.0052,8e-4,0.004,0.0018,0.0069,0.0012,0.0028,0.007,0.0275,0.0083,0.0079,3e-4,0,5e-4,0,8e-4,0.0073,0.0059,1e-4,0,0,0.0015,0.0051,0.0066,0.0018,7e-4,0.0199,0.0051,1e-4,0.0025,0.0016,0.0014,0,6e-4,0,3e-4,0.0049,7e-4,0.0026,0.0018,7e-4,8e-4,3e-4,0.001,0,4e-4,0.002,0.0094,0.0031,0.0015,3e-4,0,1e-4,0,0,0.0013,9e-4,0,0,0,6e-4,6e-4,4e-4,2e-4,0,1e-4,0.0161,0.0306,0.026799999999999997,0.0513,0.0159,0.0649,0.2071,0.2142,0.2499,0.0596,0.0409,0.022600000000000002,0.3261,0.0866,0.2017,0.10250000000000001,0.009600000000000001,0.0039,0.0146,0.0054,0.026500000000000003,0.19619999999999999,0.0092,0.017599999999999998
50,155677,153145,0.7696170296124588,0.23038297038754121,0.4776,0.5224,41.68857142857143,86740.28571428571,0.0794,0.9206,0.103,0.897,0.2086,0.21299999999999997,0.121,0.14300000000000002,0.1417,0.1728,0.6659,0.1033,0.0341,0.0046,7e-4,9e-4,0.1302,0.0016,5e-4,3e-4,0.0023,0.0282,0.0197,0.0076,0.0416,0.748,0.5758,0.1722,0.252,0.2224,0.0296,0.3043,0.5583,0.0695,0.06789999999999999,0.1116,0.31620000000000004,0.1674,0.0667,0.1994,0.1385,0.6994,0.0308,0.2698,0.9449,0.7897000000000001,0.18680000000000002,0.055,0.666,0.1227,0.0677,0.0025,4e-4,0.0272,3e-4,0.0012,7e-4,0,3e-4,0.0048,0.0544,0.0161,0.0039,0.0055,0,0.0012,0.0032,0.0076,0.0067,0.0073,0.0303,0.035,5e-4,0.0063,0,0,5e-4,1e-4,0.0019,0.0126,0.0104,0.0012,0,0,3e-4,0.0178,0.0033,0.0023,4e-4,0.0216,7e-4,2e-4,0.0086,1e-4,2e-4,0,0,2e-4,0.0017,0.0241,0.006,8e-4,0.0023,0,3e-4,9e-4,0.0013,0.0021,0.0012,0.0107,0.0208,0,0.0041,0,0,3e-4,1e-4,0.0015,0.0049,0.0022,4e-4,0,0,1e-4,0.0049,3e-4,0,1e-4,7.999999999999999e-4,0.07089999999999999,0.0246,0.0173,0.0923,0.0775,0.024,0.10339999999999999,0.1183,0.2928,0.0739,0.0432,0.0608,0.15310000000000001,0.052199999999999996,0.1261,0.09,0.0395,0.0392,0.0371,0.0364,0.034,0.2131,0.0902,0.0892
51,167412,166553,0.8615815986502795,0.1384184013497205,0.4843,0.5157,41.73225806451613,99916.53333333334,0.0463,0.9537,0.0517,0.9483,0.21579999999999996,0.20390000000000003,0.1261,0.1462,0.1363,0.17159999999999997,0.8104,0.092,0.0096,0.0012,0.0016,1e-4,0.0614,4e-4,2e-4,1e-4,0.0013,0.0112,0.0091,0.0014,0.025400000000000002,0.7797,0.6283,0.1515,0.2203,0.1938,0.0265,0.2862,0.585,0.062299999999999994,0.0666,0.0667,0.3109,0.17909999999999998,0.0784,0.2181,0.1467,0.7253,0.0305,0.2442,0.9686,0.8608,0.1359,0.0314,0.776,0.07100000000000001,0.0425,0.0013,1e-4,0.0397,6e-4,0.0018,5e-4,1e-4,2e-4,0.0045,0.0397,0.0044,0.0016,0.0049,0,2e-4,8e-4,9e-4,0.0044,0.003,0.0117,0.0218,4e-4,0.0112,4e-4,0,3e-4,0,7e-4,0.0037,0.0041,2e-4,0,1e-4,3e-4,0.0131,0.0044,4e-4,0,0.0095,2e-4,1e-4,0.014,3e-4,1e-4,1e-4,0,0,0.0012,0.0122,0.0014,4e-4,0.0018,0,2e-4,5e-4,0,5e-4,9e-4,0.0026,0.0117,0,0.0063,0,0,3e-4,0,0,0.0015,0.0011,1e-4,0,0,0,0.0037,3e-4,0,0,4e-4,0.0841,0.024599999999999997,0.0173,0.0965,0.0726,0.0213,0.1074,0.1182,0.29760000000000003,0.0504,0.033299999999999996,0.07619999999999999,0.16560000000000002,0.049800000000000004,0.1558,0.0758,0.027200000000000002,0.0609,0.0264,0.019000000000000003,0.0177,0.2266,0.0899,0.08510000000000001
6,188315,185291,0.38810843484033225,0.6118915651596678,0.449,0.551,43.3,130729.95652173914,0.0481,0.9519,0.0749,0.9251,0.1465,0.2326,0.1476,0.1333,0.12730000000000002,0.21289999999999998,0.6827,0.0853,0.0504,0.0095,7e-4,0.001,0.1028,1e-4,0,0,0.004,0.0343,0.0204,0.0089,0.038900000000000004,0.4357,0.3616,0.0741,0.5643,0.4807,0.0835,0.3953,0.475,0.041999999999999996,0.08779999999999999,0.0456,0.07719999999999999,0.072,0.0262,0.3392,0.4397,0.7996,0.0316,0.1688,0.9584,0.8862,0.1023,0.0416,0.7265,0.0788,0.1051,0.0245,0.0017,0.0058,0.008,0.0092,0.0024,0.0019,0.0014,0.001,0.0103,0.0047,0.0027,0.0016,0.0011,0.0016,0.0023,0.0052,8e-4,0.0021,0.0045,0.0268,0.0076,0.0102,2e-4,0,0.0013,0,3e-4,0.0032,0.0046,3e-4,0,0,7e-4,0.0031,0.0163,6e-4,5e-4,0.0348,0.0036,5e-4,0.0012,0.0027,7e-4,0,3e-4,1e-4,0,0.0025,0.0015,0.0013,0,2e-4,1e-4,2e-4,0.0013,0,0.001,0.0016,0.0129,0.004,0.0034,0,0,9e-4,0,0,6e-4,1e-4,0,0,0,2e-4,0.0015,0.0014,0,2e-4,0.001,0.0147,0.0308,0.0208,0.0471,0.0129,0.0676,0.191,0.241,0.2367,0.0842,0.030400000000000003,0.0217,0.3156,0.0882,0.2701,0.058499999999999996,0.0139,0.007,0.0157,0.008199999999999999,0.0245,0.16970000000000002,0.010100000000000001,0.018600000000000002
7,160079,147867,0.134857676154923,0.8651423238450769,0.4765,0.5235,33.40833333333333,60460.458333333336,0.1839,0.8161,0.2452,0.7548,0.14870000000000003,0.36779999999999996,0.1235,0.11560000000000001,0.1024,0.1421,0.2648,0.1157,0.1751,0.0445,0.0017,0.0025,0.0765,0.0024,5e-4,5e-4,0.0035,0.204,0.0253,0.0831,0.07110000000000001,0.492,0.25,0.2419,0.508,0.3551,0.153,0.5485,0.3141,0.0463,0.0912,0.2221,0.1717,0.1275,0.043,0.2184,0.2174,0.6852,0.0476,0.2672,0.8795000000000001,0.6328999999999999,0.2712,0.1205,0.4473,0.24659999999999999,0.4185,0.0178,0.0103,0.0037,0.0037,0.0052,1e-4,8e-4,0.001,0.0023,0.0034,9e-4,0.0029,0.001,2e-4,7e-4,7e-4,0.0043,0.0015,0.0018,0.0015,0.0306,0.0026,0.0075,2e-4,0,4e-4,0,6e-4,0.0036,0.0035,2e-4,0,1e-4,9e-4,0.0049,0.0053,0.0092,9e-4,0.2062,0.0048,0.005,8e-4,4e-4,6e-4,0,1e-4,0,6e-4,8e-4,0,0.0012,1e-4,0,0,0,5e-4,1e-4,1e-4,4e-4,0.0139,9e-4,0.0017,0,0,1e-4,0,2e-4,9e-4,8e-4,1e-4,0,1e-4,0,0.002,1e-4,0.0036,5e-4,0,0.031,0.0303,0.0125,0.0852,0.0336,0.045399999999999996,0.0615,0.13390000000000002,0.3212,0.1636,0.0599,0.021900000000000003,0.14379999999999998,0.0635,0.2119,0.0359,0.0404,0.0223,0.0942,0.0442,0.0525,0.17170000000000002,0.0429,0.0765
8,176774,172451,0.060944848101779636,0.9390551518982204,0.4655,0.5345,34.21764705882353,30142.909090909092,0.3323,0.6677,0.3967,0.6033,0.24419999999999997,0.27419999999999994,0.1381,0.1246,0.10749999999999998,0.11120000000000001,0.0733,0.1571,0.2849,0.0548,9e-4,0.0065,0.0402,0.0017,1e-4,7e-4,0.0062,0.3383,0.0087,0.0265,0.10800000000000001,0.5566,0.195,0.3616,0.4434,0.3918,0.0516,0.5605,0.3,0.0519,0.0875,0.31470000000000004,0.2638,0.1471,0.0563,0.1399,0.0784,0.602,0.0657,0.3323,0.863,0.4423,0.46640000000000004,0.137,0.3671,0.2837,0.5463,0.0137,0.0021,0.003,0.0018,6e-4,2e-4,1e-4,1e-4,2e-4,0.0016,6e-4,3e-4,4e-4,1e-4,3e-4,2e-4,3e-4,0.0011,0.0058,0.0017,0.0175,0.0029,0.0037,0,0,0,0,2e-4,0.001,0.0038,0.0011,0,3e-4,1e-4,0.003,0.0016,0.0155,0.002,0.2482,0.0049,5e-4,5e-4,3e-4,0,0,0,0,1e-4,3e-4,3e-4,1e-4,0,0,0,0,0,2e-4,0.0019,6e-4,0.0121,0.0016,0.0012,0,0,0,0,1e-4,3e-4,0.0013,5e-4,0,1e-4,0,0.0013,0,0.0061,0.0012,0.0019,0.0329,0.0265,0.0131,0.1062,0.0617,0.0264,0.0704,0.1096,0.2997,0.1636,0.055099999999999996,0.0329,0.11349999999999999,0.0263,0.1256,0.037099999999999994,0.0823,0.0361,0.0917,0.06570000000000001,0.0514,0.2191,0.048,0.1033
9,169080,165139,0.13011463070504242,0.8698853692949576,0.4624,0.5376,35.653125,53388.71875,0.2191,0.7809,0.2194,0.7806,0.2069,0.289,0.1416,0.1384,0.1096,0.1146,0.1393,0.0604,0.5309,0.042,8e-4,0.0025,0.0352,0.0013,7e-4,2e-4,0.0026,0.1326,0.0254,0.0262,0.06,0.4874,0.1936,0.2937,0.5126,0.4139,0.0987,0.5692999999999999,0.2933,0.0531,0.0843,0.1817,0.2245,0.1553,0.0565,0.2048,0.1773,0.6952,0.066,0.2388,0.9037999999999999,0.5915000000000001,0.3388,0.0963,0.6506,0.128,0.2126,0.0489,0.005,0.0035,0.0024,0.0043,4e-4,7e-4,9e-4,4e-4,0.001,3e-4,2e-4,7e-4,0,7e-4,0,0.0014,5e-4,0.003,0.0016,0.0111,0.0047,0.002,0,0,0,0,5e-4,0.0012,0.0025,4e-4,1e-4,0,7e-4,0.0065,0.0019,0.0292,1e-4,0.0849,0.0159,0.0015,5e-4,6e-4,3e-4,0,2e-4,1e-4,0,2e-4,0,1e-4,1e-4,0,2e-4,0,0,0,8e-4,1e-4,0.0052,0.0012,2e-4,0,0,0,0,1e-4,7e-4,2e-4,0,0,0,2e-4,0.0028,3e-4,0.0116,0,0.0011,0.0281,0.0253,0.014199999999999999,0.0807,0.061900000000000004,0.0431,0.0882,0.1365,0.28159999999999996,0.13679999999999998,0.0563,0.0462,0.1638,0.0472,0.1961,0.038000000000000006,0.0497,0.038599999999999995,0.0596,0.0505,0.0366,0.1956,0.0409,0.08360000000000001
